Date,AAPL
2018-01-02,43.06499862670898
2018-01-03,43.057498931884766
2018-01-04,43.25749969482422
2018-01-05,43.75
2018-01-06,43.28249931335449
2018-01-07,43.28249931335449
2018-01-08,43.587501525878906
2018-01-09,43.58250045776367
2018-01-10,43.5724983215332
2018-01-11,43.81999969482422
2018-01-12,44.272499084472656
2018-01-13,43.69178553989956
2018-01-14,43.76416651407877
2018-01-15,43.76699981689453
2018-01-16,44.04750061035156
2018-01-17,44.775001525878906
2018-01-18,44.81499862670898
2018-01-19,44.6150016784668
2018-01-20,44.39083353678385
2018-01-21,44.50500030517578
2018-01-22,44.25
2018-01-23,44.2599983215332
2018-01-24,43.55500030517578
2018-01-25,42.77750015258789
2018-01-26,42.87749862670898
2018-01-27,43.87857110159738
2018-01-28,43.72249984741211
2018-01-29,41.9900016784668
2018-01-30,41.74250030517578
2018-01-31,41.85749816894531
2018-02-01,41.94499969482422
2018-02-02,40.125
2018-02-03,41.902142660958425
2018-02-04,41.75624974568685
2018-02-05,39.122501373291016
2018-02-06,40.75749969482422
2018-02-07,39.8849983215332
2018-02-08,38.78749847412109
2018-02-09,39.102500915527344
2018-02-10,39.96071406773159
2018-02-11,39.62999979654948
2018-02-12,40.6775016784668
2018-02-13,41.084999084472656
2018-02-14,41.84249877929688
2018-02-15,43.247501373291016
2018-02-16,43.10749816894531
2018-02-17,41.12142835344587
2018-02-18,41.51041666666666
2018-02-19,41.99199981689453
2018-02-20,42.962501525878906
2018-02-21,42.76750183105469
2018-02-22,43.125
2018-02-23,43.875
2018-02-24,43.18083381652832
2018-02-25,43.16750030517578
2018-02-26,44.74250030517578
2018-02-27,44.59749984741211
2018-02-28,44.52999877929688
2018-03-01,43.75
2018-03-02,44.0525016784668
2018-03-03,44.09607151576451
2018-03-04,44.25791676839193
2018-03-05,44.20500183105469
2018-03-06,44.16749954223633
2018-03-07,43.75749969482422
2018-03-08,44.23500061035156
2018-03-09,44.994998931884766
2018-03-10,44.16607175554548
2018-03-11,44.23541704813639
2018-03-12,45.43000030517578
2018-03-13,44.99250030517578
2018-03-14,44.61000061035156
2018-03-15,44.66249847412109
2018-03-16,44.505001068115234
2018-03-17,44.77571432931082
2018-03-18,44.8658332824707
2018-03-19,43.82500076293945
2018-03-20,43.810001373291016
2018-03-21,42.817501068115234
2018-03-22,42.212501525878906
2018-03-23,41.23500061035156
2018-03-24,43.295357840401785
2018-03-25,43.067501068115234
2018-03-26,43.192501068115234
2018-03-27,42.084999084472656
2018-03-28,41.619998931884766
2018-03-29,41.94499969482422
2018-03-30,42.1582145690918
2018-03-31,42.048333485921226
2018-04-01,42.015499877929685
2018-04-02,41.66999816894531
2018-04-03,42.09749984741211
2018-04-04,42.90250015258789
2018-04-05,43.20000076293945
2018-04-06,42.095001220703125
2018-04-07,42.318333307902016
2018-04-08,42.39300003051758
2018-04-09,42.51250076293945
2018-04-10,43.3125
2018-04-11,43.11000061035156
2018-04-12,43.53499984741211
2018-04-13,43.682498931884766
2018-04-14,43.06392887660435
2018-04-15,43.04125022888184
2018-04-16,43.95500183105469
2018-04-17,44.560001373291016
2018-04-18,44.459999084472656
2018-04-19,43.20000076293945
2018-04-20,41.43000030517578
2018-04-21,43.54607173374721
2018-04-22,43.54791704813639
2018-04-23,41.310001373291016
2018-04-24,40.73500061035156
2018-04-25,40.91249847412109
2018-04-26,41.05500030517578
2018-04-27,40.58000183105469
2018-04-28,41.31750052315848
2018-04-29,41.003750483194985
2018-04-30,41.31499862670898
2018-05-01,42.275001525878906
2018-05-02,44.14250183105469
2018-05-03,44.22249984741211
2018-05-04,45.95750045776367
2018-05-05,42.79250063214983
2018-05-06,43.08208401997884
2018-05-07,46.290000915527344
2018-05-08,46.51250076293945
2018-05-09,46.84000015258789
2018-05-10,47.5099983215332
2018-05-11,47.147499084472656
2018-05-12,46.3542856488909
2018-05-13,46.7095832824707
2018-05-14,47.03749847412109
2018-05-15,46.61000061035156
2018-05-16,47.04499816894531
2018-05-17,46.747501373291016
2018-05-18,46.57749938964844
2018-05-19,46.95357077462332
2018-05-20,46.86083285013834
2018-05-21,46.907501220703125
2018-05-22,46.790000915527344
2018-05-23,47.09000015258789
2018-05-24,47.03749847412109
2018-05-25,47.14500045776367
2018-05-26,46.89928599766323
2018-05-27,46.924583435058594
2018-05-28,46.99400024414062
2018-05-29,46.97499847412109
2018-05-30,46.875
2018-05-31,46.71749877929688
2018-06-01,47.560001373291016
2018-06-02,47.051666259765625
2018-06-03,47.05449981689453
2018-06-04,47.95750045776367
2018-06-05,48.32749938964844
2018-06-06,48.494998931884766
2018-06-07,48.3650016784668
2018-06-08,47.92499923706055
2018-06-09,47.906785692487446
2018-06-10,48.1050001780192
2018-06-11,47.807498931884766
2018-06-12,48.06999969482422
2018-06-13,47.67499923706055
2018-06-14,47.70000076293945
2018-06-15,47.209999084472656
2018-06-16,47.82178551810129
2018-06-17,47.731249491373696
2018-06-18,47.185001373291016
2018-06-19,46.42250061035156
2018-06-20,46.625
2018-06-21,46.3650016784668
2018-06-22,46.22999954223633
2018-06-23,46.81964329310826
2018-06-24,46.67291704813639
2018-06-25,45.54249954223633
2018-06-26,46.10749816894531
2018-06-27,46.040000915527344
2018-06-28,46.375
2018-06-29,46.27750015258789
2018-06-30,46.13392857142857
2018-07-01,46.0954163869222
2018-07-02,46.79499816894531
2018-07-03,45.97999954223633
2018-07-04,46.15964235578264
2018-07-05,46.34999847412109
2018-07-06,46.99250030517578
2018-07-07,46.46166610717773
2018-07-08,46.47899932861328
2018-07-09,47.64500045776367
2018-07-10,47.587501525878906
2018-07-11,46.970001220703125
2018-07-12,47.75749969482422
2018-07-13,47.83250045776367
2018-07-14,47.30500030517578
2018-07-15,47.46416727701823
2018-07-16,47.727500915527344
2018-07-17,47.86249923706055
2018-07-18,47.59999847412109
2018-07-19,47.970001220703125
2018-07-20,47.86000061035156
2018-07-21,47.80142865862165
2018-07-22,47.80875015258789
2018-07-23,47.90250015258789
2018-07-24,48.25
2018-07-25,48.70500183105469
2018-07-26,48.5525016784668
2018-07-27,47.744998931884766
2018-07-28,48.14071491786412
2018-07-29,48.16916720072428
2018-07-30,47.477500915527344
2018-07-31,47.5724983215332
2018-08-01,50.375
2018-08-02,51.84749984741211
2018-08-03,51.997501373291016
2018-08-04,49.366785866873606
2018-08-05,49.50249989827474
2018-08-06,52.26750183105469
2018-08-07,51.77750015258789
2018-08-08,51.8125
2018-08-09,52.220001220703125
2018-08-10,51.88249969482422
2018-08-11,51.97214344569615
2018-08-12,51.99291737874349
2018-08-13,52.21749877929688
2018-08-14,52.4375
2018-08-15,52.560001373291016
2018-08-16,53.33000183105469
2018-08-17,54.39500045776367
2018-08-18,52.72035762241909
2018-08-19,52.803750356038414
2018-08-20,53.8650016784668
2018-08-21,53.7599983215332
2018-08-22,53.76250076293945
2018-08-23,53.872501373291016
2018-08-24,54.040000915527344
2018-08-25,53.86071504865374
2018-08-26,53.949167251586914
2018-08-27,54.48500061035156
2018-08-28,54.92499923706055
2018-08-29,55.744998931884766
2018-08-30,56.25749969482422
2018-08-31,56.907501220703125
2018-09-01,55.17607171194894
2018-09-02,55.393333435058594
2018-09-03,55.66399993896484
2018-09-04,57.09000015258789
2018-09-05,56.71749877929688
2018-09-06,55.775001525878906
2018-09-07,55.32500076293945
2018-09-08,56.34541702270508
2018-09-09,56.36300048828125
2018-09-10,54.58250045776367
2018-09-11,55.962501525878906
2018-09-12,55.26750183105469
2018-09-13,56.602500915527344
2018-09-14,55.959999084472656
2018-09-15,55.63928658621652
2018-09-16,55.61666742960612
2018-09-17,54.470001220703125
2018-09-18,54.560001373291016
2018-09-19,54.59249877929688
2018-09-20,55.00749969482422
2018-09-21,54.415000915527344
2018-09-22,55.08678599766323
2018-09-23,54.83416684468588
2018-09-24,55.1974983215332
2018-09-25,55.54750061035156
2018-09-26,55.10499954223633
2018-09-27,56.23749923706055
2018-09-28,56.435001373291016
2018-09-29,55.42071424211775
2018-09-30,55.489583333333336
2018-10-01,56.81499862670898
2018-10-02,57.31999969482422
2018-10-03,58.01750183105469
2018-10-04,56.997501373291016
2018-10-05,56.0724983215332
2018-10-06,56.84214292253767
2018-10-07,56.94291687011719
2018-10-08,55.942501068115234
2018-10-09,56.71749877929688
2018-10-10,54.09000015258789
2018-10-11,53.61249923706055
2018-10-12,55.52750015258789
2018-10-13,55.56571415492466
2018-10-14,55.32708295186361
2018-10-15,54.34000015258789
2018-10-16,55.53749847412109
2018-10-17,55.29750061035156
2018-10-18,54.005001068115234
2018-10-19,54.82749938964844
2018-10-20,54.73535701206752
2018-10-21,54.92249997456869
2018-10-22,55.16249847412109
2018-10-23,55.682498931884766
2018-10-24,53.772499084472656
2018-10-25,54.95000076293945
2018-10-26,54.07500076293945
2018-10-27,54.63928549630301
2018-10-28,54.74499956766764
2018-10-29,53.060001373291016
2018-10-30,53.32500076293945
2018-10-31,54.71500015258789
2018-11-01,55.55500030517578
2018-11-02,51.869998931884766
2018-11-03,53.93571472167969
2018-11-04,53.76666704813639
2018-11-05,50.397499084472656
2018-11-06,50.942501068115234
2018-11-07,52.48749923706055
2018-11-08,52.122501373291016
2018-11-09,51.11750030517578
2018-11-10,52.07035718645368
2018-11-11,51.489583333333336
2018-11-12,48.54249954223633
2018-11-13,48.057498931884766
2018-11-14,46.70000076293945
2018-11-15,47.852500915527344
2018-11-16,48.38249969482422
2018-11-17,48.96785736083984
2018-11-18,48.44208335876465
2018-11-19,46.46500015258789
2018-11-20,44.244998931884766
2018-11-21,44.19499969482422
2018-11-22,46.556785583496094
2018-11-23,43.0724983215332
2018-11-24,45.70208295186361
2018-11-25,45.27199935913086
2018-11-26,43.65499877929688
2018-11-27,43.560001373291016
2018-11-28,45.23500061035156
2018-11-29,44.88750076293945
2018-11-30,44.64500045776367
2018-12-01,44.17583338419596
2018-12-02,44.17583338419596
2018-12-03,46.20500183105469
2018-12-04,44.17250061035156
2018-12-05,44.62285777500698
2018-12-06,43.68000030517578
2018-12-07,42.122501373291016
2018-12-08,44.285417556762695
2018-12-09,44.165000915527344
2018-12-10,42.400001525878906
2018-12-11,42.157501220703125
2018-12-12,42.275001525878906
2018-12-13,42.73749923706055
2018-12-14,41.369998931884766
2018-12-15,42.39178630283901
2018-12-16,42.17708396911621
2018-12-17,40.98500061035156
2018-12-18,41.51750183105469
2018-12-19,40.22249984741211
2018-12-20,39.20750045776367
2018-12-21,37.682498931884766
2018-12-22,40.531785692487446
2018-12-23,40.16416676839193
2018-12-24,36.70750045776367
2018-12-25,39.38708368937174
2018-12-26,39.29249954223633
2018-12-27,39.03749847412109
2018-12-28,39.057498931884766
2018-12-29,38.49749946594238
2018-12-30,38.355499267578125
2018-12-31,39.435001373291016
2019-01-01,38.705999755859374
2019-01-02,39.47999954223633
2019-01-03,35.54750061035156
2019-01-04,37.06499862670898
2019-01-05,38.270416259765625
2019-01-06,38.11699981689453
2019-01-07,36.98249816894531
2019-01-08,37.6875
2019-01-09,38.32749938964844
2019-01-10,38.45000076293945
2019-01-11,38.0724983215332
2019-01-12,37.44749941144671
2019-01-13,37.7641658782959
2019-01-14,37.5
2019-01-15,38.26750183105469
2019-01-16,38.73500061035156
2019-01-17,38.96500015258789
2019-01-18,39.20500183105469
2019-01-19,38.45642907278879
2019-01-20,38.45750045776367
2019-01-21,38.53450088500976
2019-01-22,38.32500076293945
2019-01-23,38.47999954223633
2019-01-24,38.17499923706055
2019-01-25,39.43999862670898
2019-01-26,38.76500002543131
2019-01-27,38.725
2019-01-28,39.07500076293945
2019-01-29,38.66999816894531
2019-01-30,41.3125
2019-01-31,41.61000061035156
2019-02-01,41.630001068115234
2019-02-02,39.9874997820173
2019-02-03,40.28958320617676
2019-02-04,42.8125
2019-02-05,43.54499816894531
2019-02-06,43.560001373291016
2019-02-07,42.73500061035156
2019-02-08,42.602500915527344
2019-02-09,42.64214324951172
2019-02-10,42.81416702270508
2019-02-11,42.35749816894531
2019-02-12,42.72249984741211
2019-02-13,42.54499816894531
2019-02-14,42.70000076293945
2019-02-15,42.60499954223633
2019-02-16,42.60964257376535
2019-02-17,42.58874956766764
2019-02-18,42.5859992980957
2019-02-19,42.73249816894531
2019-02-20,43.00749969482422
2019-02-21,42.76499938964844
2019-02-22,43.24250030517578
2019-02-23,42.84208297729492
2019-02-24,42.87049942016601
2019-02-25,43.557498931884766
2019-02-26,43.58250045776367
2019-02-27,43.71749877929688
2019-02-28,43.28749847412109
2019-03-01,43.74250030517578
2019-03-02,43.41357094900949
2019-03-03,43.52166620890299
2019-03-04,43.962501525878906
2019-03-05,43.88249969482422
2019-03-06,43.630001068115234
2019-03-07,43.125
2019-03-08,43.227500915527344
2019-03-09,43.55107171194894
2019-03-10,43.59500058492025
2019-03-11,44.72499847412109
2019-03-12,45.227500915527344
2019-03-13,45.4275016784668
2019-03-14,45.932498931884766
2019-03-15,46.52999877929688
2019-03-16,44.88499995640346
2019-03-17,45.1783332824707
2019-03-18,47.005001068115234
2019-03-19,46.63249969482422
2019-03-20,47.040000915527344
2019-03-21,48.772499084472656
2019-03-22,47.76250076293945
2019-03-23,47.09642846243722
2019-03-24,47.2904167175293
2019-03-25,47.185001373291016
2019-03-26,46.6974983215332
2019-03-27,47.11750030517578
2019-03-28,47.18000030517578
2019-03-29,47.48749923706055
2019-03-30,47.45749991280692
2019-03-31,47.23833338419596
2019-04-01,47.810001373291016
2019-04-02,48.505001068115234
2019-04-03,48.837501525878906
2019-04-04,48.92250061035156
2019-04-05,49.25
2019-04-06,48.28464344569615
2019-04-07,48.46875063578288
2019-04-08,50.025001525878906
2019-04-09,49.875
2019-04-10,50.15499877929688
2019-04-11,49.73749923706055
2019-04-12,49.71749877929688
2019-04-13,49.66892841884068
2019-04-14,49.79333305358887
2019-04-15,49.807498931884766
2019-04-16,49.8125
2019-04-17,50.782501220703125
2019-04-18,50.96500015258789
2019-04-19,50.13964244297573
2019-04-20,50.13708305358887
2019-04-21,50.21699981689453
2019-04-22,51.13249969482422
2019-04-23,51.869998931884766
2019-04-24,51.790000915527344
2019-04-25,51.31999969482422
2019-04-26,51.07500076293945
2019-04-27,51.35875002543131
2019-04-28,51.4375
2019-04-29,51.15250015258789
2019-04-30,50.16749954223633
2019-05-01,52.630001068115234
2019-05-02,52.28749847412109
2019-05-03,52.9375
2019-05-04,51.6528570992606
2019-05-05,51.708333333333336
2019-05-06,52.119998931884766
2019-05-07,50.71500015258789
2019-05-08,50.72499847412109
2019-05-09,50.18000030517578
2019-05-10,49.29499816894531
2019-05-11,51.17999921526228
2019-05-12,50.99541600545248
2019-05-13,46.43000030517578
2019-05-14,47.165000915527344
2019-05-15,47.72999954223633
2019-05-16,47.52000045776367
2019-05-17,47.25
2019-05-18,47.938571384974885
2019-05-19,47.56499989827474
2019-05-20,45.772499084472656
2019-05-21,46.650001525878906
2019-05-22,45.69499969482422
2019-05-23,44.915000915527344
2019-05-24,44.74250030517578
2019-05-25,46.07785742623465
2019-05-26,45.83750025431315
2019-05-27,45.55500030517578
2019-05-28,44.557498931884766
2019-05-29,44.345001220703125
2019-05-30,44.57500076293945
2019-05-31,43.76750183105469
2019-06-01,44.4837506612142
2019-06-02,44.39750061035157
2019-06-03,43.32500076293945
2019-06-04,44.90999984741211
2019-06-05,45.6349983215332
2019-06-06,46.30500030517578
2019-06-07,47.53749847412109
2019-06-08,45.15071432931082
2019-06-09,45.24666659037272
2019-06-10,48.14500045776367
2019-06-11,48.70249938964844
2019-06-12,48.54750061035156
2019-06-13,48.53749847412109
2019-06-14,48.185001373291016
2019-06-15,47.994285583496094
2019-06-16,48.27583312988281
2019-06-17,48.47249984741211
2019-06-18,49.61249923706055
2019-06-19,49.46749877929688
2019-06-20,49.8650016784668
2019-06-21,49.69499969482422
2019-06-22,49.119285583496094
2019-06-23,49.21625010172526
2019-06-24,49.64500045776367
2019-06-25,48.89250183105469
2019-06-26,49.95000076293945
2019-06-27,49.935001373291016
2019-06-28,49.47999954223633
2019-06-29,49.63750076293945
2019-06-30,49.5995839436849
2019-07-01,50.38750076293945
2019-07-02,50.682498931884766
2019-07-03,51.102500915527344
2019-07-04,50.06142915998186
2019-07-05,51.057498931884766
2019-07-06,50.44083340962728
2019-07-07,50.54199981689453
2019-07-08,50.005001068115234
2019-07-09,50.310001373291016
2019-07-10,50.807498931884766
2019-07-11,50.4375
2019-07-12,50.82500076293945
2019-07-13,50.5737501780192
2019-07-14,50.5737501780192
2019-07-15,51.3025016784668
2019-07-16,51.125
2019-07-17,50.837501525878906
2019-07-18,51.415000915527344
2019-07-19,50.647499084472656
2019-07-20,50.9414291381836
2019-07-21,51.02541732788086
2019-07-22,51.80500030517578
2019-07-23,52.209999084472656
2019-07-24,52.16749954223633
2019-07-25,51.755001068115234
2019-07-26,51.935001373291016
2019-07-27,51.70500019618443
2019-07-28,51.75333340962728
2019-07-29,52.41999816894531
2019-07-30,52.19499969482422
2019-07-31,53.2599983215332
2019-08-01,52.10749816894531
2019-08-02,51.005001068115234
2019-08-03,52.096785409109934
2019-08-04,52.15374946594238
2019-08-05,48.334999084472656
2019-08-06,49.25
2019-08-07,49.7599983215332
2019-08-08,50.85749816894531
2019-08-09,50.247501373291016
2019-08-10,50.22321374075754
2019-08-11,49.90916633605957
2019-08-12,50.119998931884766
2019-08-13,52.24250030517578
2019-08-14,50.6875
2019-08-15,50.435001373291016
2019-08-16,51.625
2019-08-17,50.887857164655415
2019-08-18,50.892916997273765
2019-08-19,52.587501525878906
2019-08-20,52.59000015258789
2019-08-21,53.15999984741211
2019-08-22,53.1150016784668
2019-08-23,50.65999984741211
2019-08-24,52.02464348929269
2019-08-25,52.28958384195963
2019-08-26,51.622501373291016
2019-08-27,51.040000915527344
2019-08-28,51.38249969482422
2019-08-29,52.25249862670898
2019-08-30,52.185001373291016
2019-08-31,51.75107192993164
2019-09-01,51.52375030517578
2019-09-02,51.69650039672852
2019-09-03,51.42499923706055
2019-09-04,52.29750061035156
2019-09-05,53.31999969482422
2019-09-06,53.31499862670898
2019-09-07,52.465833028157554
2019-09-08,52.50849990844726
2019-09-09,53.54249954223633
2019-09-10,54.17499923706055
2019-09-11,55.897499084472656
2019-09-12,55.772499084472656
2019-09-13,54.6875
2019-09-14,54.38714218139648
2019-09-15,54.56499926249186
2019-09-16,54.97499847412109
2019-09-17,55.17499923706055
2019-09-18,55.692501068115234
2019-09-19,55.2400016784668
2019-09-20,54.432498931884766
2019-09-21,55.13928549630301
2019-09-22,55.03374989827474
2019-09-23,54.68000030517578
2019-09-24,54.41999816894531
2019-09-25,55.25749969482422
2019-09-26,54.97249984741211
2019-09-27,54.70500183105469
2019-09-28,54.81535720825195
2019-09-29,54.74458312988281
2019-09-30,55.99250030517578
2019-10-01,56.147499084472656
2019-10-02,54.7400016784668
2019-10-03,55.20500183105469
2019-10-04,56.75249862670898
2019-10-05,55.502143314906526
2019-10-06,55.5904172261556
2019-10-07,56.76499938964844
2019-10-08,56.09999847412109
2019-10-09,56.75749969482422
2019-10-10,57.522499084472656
2019-10-11,59.0525016784668
2019-10-12,56.87928553989956
2019-10-13,57.15833282470703
2019-10-14,58.96749877929688
2019-10-15,58.83000183105469
2019-10-16,58.59249877929688
2019-10-17,58.81999969482422
2019-10-18,59.102500915527344
2019-10-19,58.69821439470564
2019-10-20,58.89416694641113
2019-10-21,60.12749862670898
2019-10-22,59.9900016784668
2019-10-23,60.79499816894531
2019-10-24,60.89500045776367
2019-10-25,61.64500045776367
2019-10-26,60.19642857142857
2019-10-27,60.42583338419596
2019-10-28,62.26250076293945
2019-10-29,60.8224983215332
2019-10-30,60.81499862670898
2019-10-31,62.18999862670898
2019-11-01,63.95500183105469
2019-11-02,61.79785701206752
2019-11-03,61.948333104451486
2019-11-04,64.375
2019-11-05,64.28250122070312
2019-11-06,64.30999755859375
2019-11-07,64.85749816894531
2019-11-08,65.03500366210938
2019-11-09,64.14357158115932
2019-11-10,64.46916707356772
2019-11-11,65.55000305175781
2019-11-12,65.48999786376953
2019-11-13,66.11750030517578
2019-11-14,65.66000366210938
2019-11-15,66.44000244140625
2019-11-16,65.59285845075335
2019-11-17,65.71541849772136
2019-11-18,66.7750015258789
2019-11-19,66.57250213623047
2019-11-20,65.79750061035156
2019-11-21,65.50250244140625
2019-11-22,65.44499969482422
2019-11-23,66.02750178745815
2019-11-24,66.08875147501628
2019-11-25,66.59249877929688
2019-11-26,66.07250213623047
2019-11-27,66.95999908447266
2019-11-28,66.1346435546875
2019-11-29,66.8125
2019-11-30,66.23083368937175
2019-12-01,66.37649993896484
2019-12-02,66.04000091552734
2019-12-03,64.86250305175781
2019-12-04,65.43499755859375
2019-12-05,66.3949966430664
2019-12-06,67.67749786376953
2019-12-07,66.20374933878581
2019-12-08,66.20374933878581
2019-12-09,66.7300033569336
2019-12-10,67.12000274658203
2019-12-11,67.69249725341797
2019-12-12,67.86499786376953
2019-12-13,68.7874984741211
2019-12-14,67.46678488595145
2019-12-15,67.64541625976562
2019-12-16,69.96499633789062
2019-12-17,70.10250091552734
2019-12-18,69.93499755859375
2019-12-19,70.00499725341797
2019-12-20,69.86000061035156
2019-12-21,69.5028555733817
2019-12-22,69.77583185831706
2019-12-23,71.0
2019-12-24,71.06749725341797
2019-12-25,70.27642713274274
2019-12-26,72.47750091552734
2019-12-27,72.44999694824219
2019-12-28,71.14333216349284
2019-12-29,71.37099914550781
2019-12-30,72.87999725341797
2019-12-31,73.4124984741211
2020-01-01,72.21458180745442
2020-01-02,75.0875015258789
2020-01-03,74.35749816894531
2020-01-04,73.4441655476888
2020-01-05,73.63749847412109
2020-01-06,74.94999694824219
2020-01-07,74.59750366210938
2020-01-08,75.79750061035156
2020-01-09,77.40750122070312
2020-01-10,77.5824966430664
2020-01-11,75.68285696847099
2020-01-12,75.78208287556966
2020-01-13,79.23999786376953
2020-01-14,78.16999816894531
2020-01-15,77.83499908447266
2020-01-16,78.80999755859375
2020-01-17,79.68250274658203
2020-01-18,78.38964189801898
2020-01-19,78.55333201090495
2020-01-20,78.74749908447265
2020-01-21,79.14250183105469
2020-01-22,79.42500305175781
2020-01-23,79.80750274658203
2020-01-24,79.57749938964844
2020-01-25,79.40750122070312
2020-01-26,79.527001953125
2020-01-27,77.23750305175781
2020-01-28,79.42250061035156
2020-01-29,81.08499908447266
2020-01-30,80.96749877929688
2020-01-31,77.37750244140625
2020-02-01,79.35357230050224
2020-02-02,79.2779172261556
2020-02-03,77.16500091552734
2020-02-04,79.7125015258789
2020-02-05,80.36250305175781
2020-02-06,81.30249786376953
2020-02-07,80.00749969482422
2020-02-08,79.55642918178013
2020-02-09,79.32125091552734
2020-02-10,80.38749694824219
2020-02-11,79.90249633789062
2020-02-12,81.80000305175781
2020-02-13,81.21749877929688
2020-02-14,81.23750305175781
2020-02-15,80.836427961077
2020-02-16,80.7587496439616
2020-02-17,80.90899963378907
2020-02-18,79.75
2020-02-19,80.90499877929688
2020-02-20,80.07499694824219
2020-02-21,78.26249694824219
2020-02-22,80.24124908447266
2020-02-23,80.0459991455078
2020-02-24,74.54499816894531
2020-02-25,72.0199966430664
2020-02-26,73.1624984741211
2020-02-27,68.37999725341797
2020-02-28,68.33999633789062
2020-02-29,73.54071153913226
2020-03-01,72.45166397094727
2020-03-02,74.70249938964844
2020-03-03,72.33000183105469
2020-03-04,75.68499755859375
2020-03-05,73.2300033569336
2020-03-06,72.25749969482422
2020-03-07,72.13214220319476
2020-03-08,72.75749969482422
2020-03-09,66.5425033569336
2020-03-10,71.33499908447266
2020-03-11,68.85749816894531
2020-03-12,62.057498931884766
2020-03-13,69.49250030517578
2020-03-14,69.11035755702427
2020-03-15,68.42374992370605
2020-03-16,60.5525016784668
2020-03-17,63.21500015258789
2020-03-18,61.66749954223633
2020-03-19,61.19499969482422
2020-03-20,57.310001373291016
2020-03-21,62.21285738263811
2020-03-22,62.23875045776367
2020-03-23,56.09249877929688
2020-03-24,61.720001220703125
2020-03-25,61.380001068115234
2020-03-26,64.61000061035156
2020-03-27,61.935001373291016
2020-03-28,60.60607201712472
2020-03-29,60.507917404174805
2020-03-30,63.70249938964844
2020-03-31,63.5724983215332
2020-04-01,60.227500915527344
2020-04-02,61.23249816894531
2020-04-03,60.352500915527344
2020-04-04,62.23321424211775
2020-04-05,61.837083180745445
2020-04-06,65.61750030517578
2020-04-07,64.85749816894531
2020-04-08,66.51750183105469
2020-04-09,66.99749755859375
2020-04-10,63.68607112339565
2020-04-11,64.2624994913737
2020-04-12,64.86849975585938
2020-04-13,68.3125
2020-04-14,71.76249694824219
2020-04-15,71.10749816894531
2020-04-16,71.67250061035156
2020-04-17,70.69999694824219
2020-04-18,70.09208170572917
2020-04-19,70.71099853515625
2020-04-20,69.23249816894531
2020-04-21,67.09249877929688
2020-04-22,69.0250015258789
2020-04-23,68.75749969482422
2020-04-24,70.74250030517578
2020-04-25,69.60321371895927
2020-04-26,69.25833257039388
2020-04-27,70.7925033569336
2020-04-28,69.6449966430664
2020-04-29,71.93250274658203
2020-04-30,73.44999694824219
2020-05-01,72.26750183105469
2020-05-02,71.08392878941127
2020-05-03,71.47166697184245
2020-05-04,73.29000091552734
2020-05-05,74.38999938964844
2020-05-06,75.15750122070312
2020-05-07,75.93499755859375
2020-05-08,77.53250122070312
2020-05-09,74.57464272635323
2020-05-10,74.76208368937175
2020-05-11,78.75250244140625
2020-05-12,77.85250091552734
2020-05-13,76.9124984741211
2020-05-14,77.38500213623047
2020-05-15,76.92749786376953
2020-05-16,77.32821437290737
2020-05-17,77.56041717529297
2020-05-18,78.73999786376953
2020-05-19,78.28500366210938
2020-05-20,79.80750274658203
2020-05-21,79.2125015258789
2020-05-22,79.72250366210938
2020-05-23,78.58285849434989
2020-05-24,78.78250122070312
2020-05-25,79.15350189208985
2020-05-26,79.18250274658203
2020-05-27,79.52749633789062
2020-05-28,79.5625
2020-05-29,79.48500061035156
2020-05-30,79.44875081380208
2020-05-31,79.49600067138672
2020-06-01,80.4625015258789
2020-06-02,80.83499908447266
2020-06-03,81.27999877929688
2020-06-04,80.58000183105469
2020-06-05,82.875
2020-06-06,80.72571454729352
2020-06-07,80.91958363850911
2020-06-08,83.36499786376953
2020-06-09,85.99749755859375
2020-06-10,88.20999908447266
2020-06-11,83.9749984741211
2020-06-12,84.69999694824219
2020-06-13,84.2432131086077
2020-06-14,84.8537483215332
2020-06-15,85.74749755859375
2020-06-16,88.0199966430664
2020-06-17,87.89749908447266
2020-06-18,87.93250274658203
2020-06-19,87.43000030517578
2020-06-20,86.52892739432198
2020-06-21,86.95458221435547
2020-06-22,89.71749877929688
2020-06-23,91.63249969482422
2020-06-24,90.01499938964844
2020-06-25,91.20999908447266
2020-06-26,88.40750122070312
2020-06-27,89.4778573172433
2020-06-28,89.73541641235352
2020-06-29,90.44499969482422
2020-06-30,91.1999969482422
2020-07-01,91.02749633789062
2020-07-02,91.02749633789062
2020-07-03,90.476069859096
2020-07-04,90.55291493733723
2020-07-05,90.42149810791015
2020-07-06,93.4625015258789
2020-07-07,93.17250061035156
2020-07-08,95.34249877929688
2020-07-09,95.75250244140624
2020-07-10,95.91999816894533
2020-07-11,94.11291631062824
2020-07-12,94.73000030517578
2020-07-13,95.47750091552734
2020-07-14,97.05750274658205
2020-07-15,97.7249984741211
2020-07-16,96.52249908447266
2020-07-17,96.32749938964844
2020-07-18,96.39750017438617
2020-07-19,96.50499979654948
2020-07-20,98.35749816894533
2020-07-21,97.0
2020-07-22,97.27249908447266
2020-07-23,92.84500122070312
2020-07-24,92.61499786376952
2020-07-25,95.84857068743024
2020-07-26,95.73624928792316
2020-07-27,94.80999755859376
2020-07-28,93.25250244140624
2020-07-29,95.04000091552734
2020-07-30,96.19000244140624
2020-07-31,106.26000213623048
2020-08-01,95.85892922537668
2020-08-02,96.36125055948894
2020-08-03,108.9375
2020-08-04,109.66500091552734
2020-08-05,110.0625
2020-08-06,113.90249633789062
2020-08-07,111.1125030517578
2020-08-08,108.01857212611608
2020-08-09,109.99000040690105
2020-08-10,112.72750091552734
2020-08-11,109.375
2020-08-12,113.01000213623048
2020-08-13,115.01000213623048
2020-08-14,114.90750122070312
2020-08-15,112.8635722569057
2020-08-16,112.6904182434082
2020-08-17,114.60749816894533
2020-08-18,115.5625
2020-08-19,115.7074966430664
2020-08-20,118.2750015258789
2020-08-21,124.37000274658205
2020-08-22,116.92000034877232
2020-08-23,117.23833338419595
2020-08-24,125.85749816894533
2020-08-25,124.8249969482422
2020-08-26,126.52249908447266
2020-08-27,125.01000213623048
2020-08-28,124.80750274658205
2020-08-29,124.23821476527624
2020-08-30,125.23208363850914
2020-08-31,129.0399932861328
2020-09-01,134.17999267578125
2020-09-02,131.39999389648438
2020-09-03,120.87999725341795
2020-09-04,120.95999908447266
2020-09-05,126.61106872558594
2020-09-06,126.8779131571452
2020-09-07,127.29199523925782
2020-09-08,112.81999969482422
2020-09-09,117.31999969482422
2020-09-10,113.48999786376952
2020-09-11,112.0
2020-09-12,116.24499893188477
2020-09-13,115.31799926757812
2020-09-14,115.36000061035156
2020-09-15,115.54000091552734
2020-09-16,112.12999725341795
2020-09-17,110.33999633789062
2020-09-18,106.83999633789062
2020-09-19,112.24285561697825
2020-09-20,112.03499857584636
2020-09-21,110.08000183105467
2020-09-22,111.80999755859376
2020-09-23,107.12000274658205
2020-09-24,108.22000122070312
2020-09-25,112.27999877929688
2020-09-26,109.52714211600168
2020-09-27,109.39166641235352
2020-09-28,114.95999908447266
2020-09-29,114.08999633789062
2020-09-30,115.80999755859376
2020-10-01,116.79000091552734
2020-10-02,113.0199966430664
2020-10-03,113.59571293422154
2020-10-04,114.4916648864746
2020-10-05,116.5
2020-10-06,113.16000366210938
2020-10-07,115.08000183105467
2020-10-08,114.97000122070312
2020-10-09,116.97000122070312
2020-10-10,115.21285792759488
2020-10-11,114.95000076293944
2020-10-12,124.4000015258789
2020-10-13,121.0999984741211
2020-10-14,121.19000244140624
2020-10-15,120.70999908447266
2020-10-16,119.0199966430664
2020-10-17,119.76571437290735
2020-10-18,120.56499989827472
2020-10-19,115.9800033569336
2020-10-20,117.51000213623048
2020-10-21,116.87000274658205
2020-10-22,115.75
2020-10-23,115.04000091552734
2020-10-24,117.26857212611608
2020-10-25,116.69500096638996
2020-10-26,115.0500030517578
2020-10-27,116.5999984741211
2020-10-28,111.1999969482422
2020-10-29,115.31999969482422
2020-10-30,108.86000061035156
2020-10-31,113.97428567068916
2020-11-01,113.6783332824707
2020-11-02,108.7699966430664
2020-11-03,110.44000244140624
2020-11-04,114.9499969482422
2020-11-05,119.02999877929688
2020-11-06,118.69000244140624
2020-11-07,113.72285679408482
2020-11-08,113.45666631062824
2020-11-09,116.31999969482422
2020-11-10,115.97000122070312
2020-11-11,119.48999786376952
2020-11-12,119.20999908447266
2020-11-13,119.26000213623048
2020-11-14,118.28142874581474
2020-11-15,118.1566670735677
2020-11-16,120.3000030517578
2020-11-17,119.38999938964844
2020-11-18,118.02999877929688
2020-11-19,118.63999938964844
2020-11-20,117.33999633789062
2020-11-21,118.88142830984933
2020-11-22,118.82666651407878
2020-11-23,113.8499984741211
2020-11-24,115.16999816894533
2020-11-25,116.02999877929688
2020-11-26,116.92142704554966
2020-11-27,116.58999633789062
2020-11-28,116.26999791463216
2020-11-29,115.7959976196289
2020-11-30,119.0500030517578
2020-12-01,122.72000122070312
2020-12-02,123.08000183105467
2020-12-03,122.94000244140624
2020-12-04,122.25
2020-12-05,121.10500081380208
2020-12-06,121.10500081380208
2020-12-07,123.75
2020-12-08,124.37999725341795
2020-12-09,121.77999877929688
2020-12-10,123.23999786376952
2020-12-11,122.41000366210938
2020-12-12,122.96428571428572
2020-12-13,122.9683329264323
2020-12-14,121.77999877929688
2020-12-15,127.87999725341795
2020-12-16,127.80999755859376
2020-12-17,128.6999969482422
2020-12-18,126.66000366210938
2020-12-19,125.4971422467913
2020-12-20,125.87333297729492
2020-12-21,128.22999572753906
2020-12-22,131.8800048828125
2020-12-23,130.9600067138672
2020-12-24,131.97000122070312
2020-12-25,129.4585723876953
2020-12-26,129.73333485921225
2020-12-27,129.94000244140625
2020-12-28,136.69000244140625
2020-12-29,134.8699951171875
2020-12-30,133.72000122070312
2020-12-31,132.69000244140625
2021-01-01,133.48333485921225
2021-01-02,133.98800048828124
2021-01-03,134.49250030517578
2021-01-04,129.41000366210938
2021-01-05,131.00999450683594
2021-01-06,126.5999984741211
2021-01-07,130.9199981689453
2021-01-08,132.0500030517578
2021-01-09,130.4466667175293
2021-01-10,129.9979995727539
2021-01-11,128.97999572753906
2021-01-12,128.8000030517578
2021-01-13,130.88999938964844
2021-01-14,128.91000366210938
2021-01-15,127.13999938964844
2021-01-16,129.67000034877233
2021-01-17,129.4616673787435
2021-01-18,128.94400024414062
2021-01-19,127.83000183105467
2021-01-20,132.02999877929688
2021-01-21,136.8699951171875
2021-01-22,139.07000732421875
2021-01-23,131.9750010172526
2021-01-24,132.58800048828124
2021-01-25,142.9199981689453
2021-01-26,143.16000366210938
2021-01-27,142.05999755859375
2021-01-28,137.08999633789062
2021-01-29,131.9600067138672
2021-01-30,139.01857212611608
2021-01-31,139.37666829427084
2021-02-01,134.13999938964844
2021-02-02,134.99000549316406
2021-02-03,133.94000244140625
2021-02-04,137.38999938964844
2021-02-05,136.75999450683594
2021-02-06,135.18142918178015
2021-02-07,134.86333465576172
2021-02-08,136.91000366210938
2021-02-09,136.00999450683594
2021-02-10,135.38999938964844
2021-02-11,135.1300048828125
2021-02-12,135.3699951171875
2021-02-13,136.13714163643974
2021-02-14,135.92833201090494
2021-02-15,135.76199951171876
2021-02-16,133.19000244140625
2021-02-17,130.83999633789062
2021-02-18,129.7100067138672
2021-02-19,129.8699951171875
2021-02-20,132.35166676839194
2021-02-21,131.7959991455078
2021-02-22,126.0
2021-02-23,125.86000061035156
2021-02-24,125.3499984741211
2021-02-25,120.98999786376952
2021-02-26,121.26000213623048
2021-02-27,125.57714298793248
2021-02-28,124.88833236694336
2021-03-01,127.79000091552734
2021-03-02,125.12000274658205
2021-03-03,122.05999755859376
2021-03-04,120.12999725341795
2021-03-05,121.41999816894533
2021-03-06,122.68142809186664
2021-03-07,122.96333312988284
2021-03-08,116.36000061035156
2021-03-09,121.08999633789062
2021-03-10,119.9800033569336
2021-03-11,121.95999908447266
2021-03-12,121.02999877929688
2021-03-13,120.28142765590124
2021-03-14,120.30666605631512
2021-03-15,123.98999786376952
2021-03-16,125.56999969482422
2021-03-17,124.76000213623048
2021-03-18,120.52999877929688
2021-03-19,119.98999786376952
2021-03-20,122.5471420288086
2021-03-21,122.64499918619792
2021-03-22,123.38999938964844
2021-03-23,122.54000091552734
2021-03-24,120.08999633789062
2021-03-25,120.58999633789062
2021-03-26,121.20999908447266
2021-03-27,121.1914269583566
2021-03-28,121.30166498819987
2021-03-29,121.38999938964844
2021-03-30,119.9000015258789
2021-03-31,122.1500015258789
2021-04-01,123.0
2021-04-02,121.18999917166572
2021-04-03,121.37333297729492
2021-04-04,121.53000030517578
2021-04-05,125.9000015258789
2021-04-06,126.20999908447266
2021-04-07,127.9000015258789
2021-04-08,130.36000061035156
2021-04-09,133.0
2021-04-10,127.728333791097
2021-04-11,128.67400054931642
2021-04-12,131.24000549316406
2021-04-13,134.42999267578125
2021-04-14,132.02999877929688
2021-04-15,134.5
2021-04-16,134.16000366210938
2021-04-17,132.817143031529
2021-04-18,133.22666676839194
2021-04-19,134.83999633789062
2021-04-20,133.11000061035156
2021-04-21,133.5
2021-04-22,131.94000244140625
2021-04-23,134.32000732421875
2021-04-24,133.76714433942522
2021-04-25,133.64500172932944
2021-04-26,134.72000122070312
2021-04-27,134.38999938964844
2021-04-28,133.5800018310547
2021-04-29,133.47999572753906
2021-04-30,131.4600067138672
2021-05-01,133.41285923549108
2021-05-02,133.65833536783853
2021-05-03,132.5399932861328
2021-05-04,127.8499984741211
2021-05-05,128.10000610351562
2021-05-06,129.74000549316406
2021-05-07,130.2100067138672
2021-05-08,130.4828589303153
2021-05-09,129.983336130778
2021-05-10,126.8499984741211
2021-05-11,125.91000366210938
2021-05-12,122.7699966430664
2021-05-13,124.97000122070312
2021-05-14,127.4499969482422
2021-05-15,126.84285845075335
2021-05-16,126.36000061035156
2021-05-17,126.2699966430664
2021-05-18,124.8499984741211
2021-05-19,124.69000244140624
2021-05-20,127.30999755859376
2021-05-21,125.43000030517578
2021-05-22,125.8528562273298
2021-05-23,125.99999872843424
2021-05-24,127.0999984741211
2021-05-25,126.9000015258789
2021-05-26,126.8499984741211
2021-05-27,125.27999877929688
2021-05-28,124.61000061035156
2021-05-29,126.211427961077
2021-05-30,126.02833302815756
2021-05-31,126.1479995727539
2021-06-01,124.27999877929688
2021-06-02,125.05999755859376
2021-06-03,123.54000091552734
2021-06-04,125.88999938964844
2021-06-05,124.77666600545248
2021-06-06,124.6759994506836
2021-06-07,125.9000015258789
2021-06-08,126.73999786376952
2021-06-09,127.12999725341795
2021-06-10,126.11000061035156
2021-06-11,127.3499984741211
2021-06-12,126.0942851475307
2021-06-13,126.51999918619792
2021-06-14,130.47999572753906
2021-06-15,129.63999938964844
2021-06-16,130.14999389648438
2021-06-17,131.7899932861328
2021-06-18,130.4600067138672
2021-06-19,129.42571258544922
2021-06-20,129.97833124796549
2021-06-21,132.3000030517578
2021-06-22,133.97999572753906
2021-06-23,133.6999969482422
2021-06-24,133.41000366210938
2021-06-25,133.11000061035156
2021-06-26,132.67857142857142
2021-06-27,132.82666778564453
2021-06-28,134.77999877929688
2021-06-29,136.3300018310547
2021-06-30,136.9600067138672
2021-07-01,137.27000427246094
2021-07-02,139.9600067138672
2021-07-03,135.9742889404297
2021-07-04,136.40166982014975
2021-07-05,137.06000366210938
2021-07-06,142.02000427246094
2021-07-07,144.57000732421875
2021-07-08,143.24000549316406
2021-07-09,145.11000061035156
2021-07-10,142.02833811442056
2021-07-11,142.9800048828125
2021-07-12,144.5
2021-07-13,145.63999938964844
2021-07-14,149.14999389648438
2021-07-15,148.47999572753906
2021-07-16,146.38999938964844
2021-07-17,146.07285635811942
2021-07-18,146.5449981689453
2021-07-19,142.4499969482422
2021-07-20,146.14999389648438
2021-07-21,145.39999389648438
2021-07-22,146.8000030517578
2021-07-23,148.55999755859375
2021-07-24,146.31856863839286
2021-07-25,145.9583307902018
2021-07-26,148.99000549316406
2021-07-27,146.77000427246094
2021-07-28,144.97999572753906
2021-07-29,145.63999938964844
2021-07-30,145.86000061035156
2021-07-31,146.8000008719308
2021-08-01,146.8000005086263
2021-08-02,145.52000427246094
2021-08-03,147.36000061035156
2021-08-04,146.9499969482422
2021-08-05,147.05999755859375
2021-08-06,146.13999938964844
2021-08-07,146.3614283970424
2021-08-08,146.4816665649414
2021-08-09,146.08999633789062
2021-08-10,145.60000610351562
2021-08-11,145.86000061035156
2021-08-12,148.88999938964844
2021-08-13,149.10000610351562
2021-08-14,146.96285792759485
2021-08-15,146.94666798909506
2021-08-16,151.1199951171875
2021-08-17,150.19000244140625
2021-08-18,146.36000061035156
2021-08-19,146.6999969482422
2021-08-20,148.19000244140625
2021-08-21,148.6500004359654
2021-08-22,148.61000061035156
2021-08-23,149.7100067138672
2021-08-24,149.6199951171875
2021-08-25,148.36000061035156
2021-08-26,147.5399932861328
2021-08-27,148.60000610351562
2021-08-28,148.3885716029576
2021-08-29,148.6700007120768
2021-08-30,153.1199951171875
2021-08-31,151.8300018310547
2021-09-01,152.50999450683594
2021-09-02,153.64999389648438
2021-09-03,154.3000030517578
2021-09-04,151.6499982561384
2021-09-05,152.33499908447266
2021-09-06,153.08199768066407
2021-09-07,156.69000244140625
2021-09-08,155.11000061035156
2021-09-09,154.07000732421875
2021-09-10,148.97000122070312
2021-09-11,153.79833475748697
2021-09-12,153.8280029296875
2021-09-13,149.5500030517578
2021-09-14,148.1199951171875
2021-09-15,149.02999877929688
2021-09-16,148.7899932861328
2021-09-17,146.05999755859375
2021-09-18,149.22714233398438
2021-09-19,148.4199981689453
2021-09-20,142.94000244140625
2021-09-21,143.42999267578125
2021-09-22,145.85000610351562
2021-09-23,146.8300018310547
2021-09-24,146.9199981689453
2021-09-25,145.8314274379185
2021-09-26,145.3383331298828
2021-09-27,145.3699951171875
2021-09-28,141.91000366210938
2021-09-29,142.8300018310547
2021-09-30,141.5
2021-10-01,142.64999389648438
2021-10-02,144.00142778669084
2021-10-03,143.52999877929688
2021-10-04,139.13999938964844
2021-10-05,141.11000061035156
2021-10-06,142.0
2021-10-07,143.2899932861328
2021-10-08,142.89999389648438
2021-10-09,141.79856872558594
2021-10-10,141.84833017985025
2021-10-11,142.80999755859375
2021-10-12,141.50999450683594
2021-10-13,140.91000366210938
2021-10-14,143.75999450683594
2021-10-15,144.83999633789062
2021-10-16,142.85999625069755
2021-10-17,142.788330078125
2021-10-18,146.5500030517578
2021-10-19,148.75999450683594
2021-10-20,149.25999450683594
2021-10-21,149.47999572753906
2021-10-22,148.69000244140625
2021-10-23,147.33428301130022
2021-10-24,147.92999776204428
2021-10-25,148.63999938964844
2021-10-26,149.32000732421875
2021-10-27,148.85000610351562
2021-10-28,152.57000732421875
2021-10-29,149.8000030517578
2021-10-30,149.6214316231864
2021-10-31,149.64500427246094
2021-11-01,148.9600067138672
2021-11-02,150.02000427246094
2021-11-03,151.49000549316406
2021-11-04,150.9600067138672
2021-11-05,151.27999877929688
2021-11-06,150.72571890694755
2021-11-07,150.418337504069
2021-11-08,150.44000244140625
2021-11-09,150.80999755859375
2021-11-10,147.9199981689453
2021-11-11,147.8699951171875
2021-11-12,149.99000549316406
2021-11-13,149.89571489606584
2021-11-14,149.71833292643228
2021-11-15,150.0
2021-11-16,151.0
2021-11-17,153.49000549316406
2021-11-18,157.8699951171875
2021-11-19,160.5500030517578
2021-11-20,152.96714346749442
2021-11-21,153.81666819254556
2021-11-22,161.02000427246094
2021-11-23,161.41000366210938
2021-11-24,161.94000244140625
2021-11-25,158.18285914829798
2021-11-26,156.80999755859375
2021-11-27,159.93333435058594
2021-11-28,160.34600219726562
2021-11-29,160.24000549316406
2021-11-30,165.3000030517578
2021-12-01,164.77000427246094
2021-12-02,163.75999450683594
2021-12-03,161.83999633789062
2021-12-04,162.12000020345053
2021-12-05,162.12000020345053
2021-12-06,165.32000732421875
2021-12-07,171.17999267578125
2021-12-08,175.0800018310547
2021-12-09,174.55999755859375
2021-12-10,179.4499969482422
2021-12-11,170.1699981689453
2021-12-12,171.23833211263022
2021-12-13,175.74000549316406
2021-12-14,174.3300018310547
2021-12-15,179.3000030517578
2021-12-16,172.25999450683594
2021-12-17,171.13999938964844
2021-12-18,175.25428553989954
2021-12-19,175.37000020345053
2021-12-20,169.75
2021-12-21,172.99000549316406
2021-12-22,175.63999938964844
2021-12-23,176.27999877929688
2021-12-24,173.90857151576452
2021-12-25,173.00999959309897
2021-12-26,173.16000061035157
2021-12-27,180.3300018310547
2021-12-28,179.2899932861328
2021-12-29,179.3800048828125
2021-12-30,178.1999969482422
2021-12-31,177.57000732421875
2022-01-01,178.50833384195963
2022-01-02,178.9540008544922
2022-01-03,182.009994506836
2022-01-04,179.6999969482422
2022-01-05,174.9199981689453
2022-01-06,172.0
2022-01-07,172.1699981689453
2022-01-08,176.6528560093471
2022-01-09,176.3949991861979
2022-01-10,172.19000244140625
2022-01-11,175.0800018310547
2022-01-12,175.52999877929688
2022-01-13,172.19000244140625
2022-01-14,173.07000732421875
2022-01-15,173.17571585518974
2022-01-16,173.37166849772134
2022-01-17,173.61200256347655
2022-01-18,169.8000030517578
2022-01-19,166.22999572753906
2022-01-20,164.50999450683594
2022-01-21,162.41000366210938
2022-01-22,168.03500111897787
2022-01-23,167.2040008544922
2022-01-24,161.6199951171875
2022-01-25,159.77999877929688
2022-01-26,159.69000244140625
2022-01-27,159.22000122070312
2022-01-28,170.3300018310547
2022-01-29,162.5085710797991
2022-01-30,162.1750005086263
2022-01-31,174.77999877929688
2022-02-01,174.61000061035156
2022-02-02,175.83999633789062
2022-02-03,172.89999389648438
2022-02-04,172.38999938964844
2022-02-05,171.4385702950614
2022-02-06,173.4749984741211
2022-02-07,171.66000366210938
2022-02-08,174.8300018310547
2022-02-09,176.27999877929688
2022-02-10,172.1199951171875
2022-02-11,168.63999938964844
2022-02-12,172.6885702950614
2022-02-13,172.65333302815756
2022-02-14,168.8800048828125
2022-02-15,172.7899932861328
2022-02-16,172.5500030517578
2022-02-17,168.8800048828125
2022-02-18,167.3000030517578
2022-02-19,170.16571480887276
2022-02-20,169.84000142415366
2022-02-21,170.0800018310547
2022-02-22,164.32000732421875
2022-02-23,160.07000732421875
2022-02-24,162.74000549316406
2022-02-25,164.85000610351562
2022-02-26,164.6933390299479
2022-02-27,163.856005859375
2022-02-28,165.1199951171875
2022-03-01,163.1999969482422
2022-03-02,166.55999755859375
2022-03-03,166.22999572753906
2022-03-04,163.1699981689453
2022-03-05,164.5528564453125
2022-03-06,164.85499827067056
2022-03-07,159.3000030517578
2022-03-08,157.44000244140625
2022-03-09,162.9499969482422
2022-03-10,158.52000427246094
2022-03-11,154.72999572753906
2022-03-12,160.33428519112724
2022-03-13,159.35166676839194
2022-03-14,150.6199951171875
2022-03-15,155.08999633789062
2022-03-16,159.58999633789062
2022-03-17,160.6199951171875
2022-03-18,163.97999572753906
2022-03-19,157.59285409109933
2022-03-20,157.4383290608724
2022-03-21,165.3800048828125
2022-03-22,168.82000732421875
2022-03-23,170.2100067138672
2022-03-24,174.07000732421875
2022-03-25,174.72000122070312
2022-03-26,168.25714547293526
2022-03-27,169.5300038655599
2022-03-28,175.60000610351562
2022-03-29,178.9600067138672
2022-03-30,177.77000427246094
2022-03-31,174.61000061035156
2022-04-01,174.30999755859375
2022-04-02,175.72000340053015
2022-04-03,175.99500274658203
2022-04-04,178.44000244140625
2022-04-05,175.05999755859375
2022-04-06,171.8300018310547
2022-04-07,172.13999938964844
2022-04-08,170.08999633789062
2022-04-09,173.78285653250558
2022-04-10,173.6449991861979
2022-04-11,165.75
2022-04-12,167.66000366210938
2022-04-13,170.39999389648438
2022-04-14,165.2899932861328
2022-04-15,169.0228554861886
2022-04-16,168.55499776204428
2022-04-17,167.83799743652344
2022-04-18,165.07000732421875
2022-04-19,167.39999389648438
2022-04-20,167.22999572753906
2022-04-21,166.4199981689453
2022-04-22,161.7899932861328
2022-04-23,165.53333028157553
2022-04-24,165.58199768066407
2022-04-25,162.8800048828125
2022-04-26,156.8000030517578
2022-04-27,156.57000732421875
2022-04-28,163.63999938964844
2022-04-29,157.64999389648438
2022-04-30,160.82142857142858
2022-05-01,159.88833363850912
2022-05-02,157.9600067138672
2022-05-03,159.47999572753906
2022-05-04,166.02000427246094
2022-05-05,156.77000427246094
2022-05-06,157.27999877929688
2022-05-07,159.82857186453683
2022-05-08,159.1933339436849
2022-05-09,152.05999755859375
2022-05-10,154.50999450683594
2022-05-11,146.5
2022-05-12,142.55999755859375
2022-05-13,147.11000061035156
2022-05-14,150.9699990408761
2022-05-15,150.00333150227866
2022-05-16,145.5399932861328
2022-05-17,149.24000549316406
2022-05-18,140.82000732421875
2022-05-19,137.35000610351562
2022-05-20,137.58999633789062
2022-05-21,142.88714381626673
2022-05-22,142.94166819254556
2022-05-23,143.11000061035156
2022-05-24,140.36000061035156
2022-05-25,140.52000427246094
2022-05-26,143.77999877929688
2022-05-27,149.63999938964844
2022-05-28,141.7642865862165
2022-05-29,142.5
2022-05-30,143.48200073242188
2022-05-31,148.83999633789062
2022-06-01,148.7100067138672
2022-06-02,151.2100067138672
2022-06-03,145.3800048828125
2022-06-04,147.92666880289713
2022-06-05,148.7560028076172
2022-06-06,146.13999938964844
2022-06-07,148.7100067138672
2022-06-08,147.9600067138672
2022-06-09,142.63999938964844
2022-06-10,137.1300048828125
2022-06-11,145.59571838378906
2022-06-12,144.66000366210938
2022-06-13,131.8800048828125
2022-06-14,132.75999450683594
2022-06-15,135.42999267578125
2022-06-16,130.05999755859375
2022-06-17,131.55999755859375
2022-06-18,134.4942844935826
2022-06-19,133.13666534423828
2022-06-20,131.55999755859375
2022-06-21,135.8699951171875
2022-06-22,135.35000610351562
2022-06-23,138.27000427246094
2022-06-24,141.66000366210938
2022-06-25,134.90428597586495
2022-06-26,135.7116673787435
2022-06-27,141.66000366210938
2022-06-28,137.44000244140625
2022-06-29,139.22999572753906
2022-06-30,136.72000122070312
2022-07-01,138.92999267578125
2022-07-02,139.1300005231585
2022-07-03,139.27333323160806
2022-07-04,138.7959991455078
2022-07-05,141.55999755859375
2022-07-06,142.9199981689453
2022-07-07,146.35000610351562
2022-07-08,147.0399932861328
2022-07-09,142.25333150227866
2022-07-10,143.35999755859376
2022-07-11,144.8699951171875
2022-07-12,145.86000061035156
2022-07-13,145.49000549316406
2022-07-14,148.47000122070312
2022-07-15,150.1699981689453
2022-07-16,146.89285714285714
2022-07-17,146.98333231608072
2022-07-18,147.07000732421875
2022-07-19,151.0
2022-07-20,153.0399932861328
2022-07-21,155.35000610351562
2022-07-22,154.08999633789062
2022-07-23,151.31285749162947
2022-07-24,151.7866668701172
2022-07-25,152.9499969482422
2022-07-26,151.60000610351562
2022-07-27,156.7899932861328
2022-07-28,157.35000610351562
2022-07-29,162.50999450683594
2022-07-30,155.8057141985212
2022-07-31,155.8816655476888
2022-08-01,161.50999450683594
2022-08-02,160.00999450683594
2022-08-03,166.1300048828125
2022-08-04,165.80999755859375
2022-08-05,165.35000610351562
2022-08-06,162.6671425955636
2022-08-07,163.55333201090494
2022-08-08,164.8699951171875
2022-08-09,164.9199981689453
2022-08-10,169.24000549316406
2022-08-11,168.49000549316406
2022-08-12,172.10000610351562
2022-08-13,167.25428771972656
2022-08-14,167.49500274658203
2022-08-15,173.19000244140625
2022-08-16,173.02999877929688
2022-08-17,174.5500030517578
2022-08-18,174.14999389648438
2022-08-19,171.52000427246094
2022-08-20,172.43285914829798
2022-08-21,173.09000142415366
2022-08-22,167.57000732421875
2022-08-23,167.22999572753906
2022-08-24,167.52999877929688
2022-08-25,170.02999877929688
2022-08-26,163.6199951171875
2022-08-27,168.80714198521204
2022-08-28,167.91666666666666
2022-08-29,161.3800048828125
2022-08-30,158.91000366210938
2022-08-31,157.22000122070312
2022-09-01,157.9600067138672
2022-09-02,155.80999755859375
2022-09-03,160.70428684779577
2022-09-04,159.1500015258789
2022-09-05,158.2560028076172
2022-09-06,154.52999877929688
2022-09-07,155.9600067138672
2022-09-08,154.4600067138672
2022-09-09,157.3699951171875
2022-09-10,156.01500193277994
2022-09-11,155.6260009765625
2022-09-12,163.42999267578125
2022-09-13,153.83999633789062
2022-09-14,155.30999755859375
2022-09-15,152.3699951171875
2022-09-16,150.6999969482422
2022-09-17,155.35428292410714
2022-09-18,155.50332895914713
2022-09-19,154.47999572753906
2022-09-20,156.89999389648438
2022-09-21,153.72000122070312
2022-09-22,152.74000549316406
2022-09-23,150.42999267578125
2022-09-24,153.04856872558594
2022-09-25,153.1616643269857
2022-09-26,150.77000427246094
2022-09-27,151.75999450683594
2022-09-28,149.83999633789062
2022-09-29,142.47999572753906
2022-09-30,138.1999969482422
2022-10-01,148.03142656598772
2022-10-02,147.24666341145834
2022-10-03,142.4499969482422
2022-10-04,146.10000610351562
2022-10-05,146.39999389648438
2022-10-06,145.42999267578125
2022-10-07,140.08999633789062
2022-10-08,143.02142551967077
2022-10-09,143.11166381835938
2022-10-10,140.4199981689453
2022-10-11,138.97999572753906
2022-10-12,138.33999633789062
2022-10-13,142.99000549316406
2022-10-14,138.3800048828125
2022-10-15,140.6614270891462
2022-10-16,139.86666615804037
2022-10-17,142.41000366210938
2022-10-18,143.75
2022-10-19,143.86000061035156
2022-10-20,143.38999938964844
2022-10-21,147.27000427246094
2022-10-22,143.1500026157924
2022-10-23,143.17666880289713
2022-10-24,149.4499969482422
2022-10-25,152.33999633789062
2022-10-26,149.35000610351562
2022-10-27,144.8000030517578
2022-10-28,155.74000549316406
2022-10-29,148.9057159423828
2022-10-30,149.82500203450522
2022-10-31,153.33999633789062
2022-11-01,150.64999389648438
2022-11-02,145.02999877929688
2022-11-03,138.8800048828125
2022-11-04,138.3800048828125
2022-11-05,146.6885724748884
2022-11-06,147.00333404541016
2022-11-07,138.9199981689453
2022-11-08,139.5
2022-11-09,134.8699951171875
2022-11-10,146.8699951171875
2022-11-11,149.6999969482422
2022-11-12,141.01714215959822
2022-11-13,141.37333170572916
2022-11-14,148.27999877929688
2022-11-15,150.0399932861328
2022-11-16,148.7899932861328
2022-11-17,150.72000122070312
2022-11-18,151.2899932861328
2022-11-19,149.384281703404
2022-11-20,149.80332946777344
2022-11-21,148.00999450683594
2022-11-22,150.17999267578125
2022-11-23,151.07000732421875
2022-11-24,150.0142822265625
2022-11-25,148.11000061035156
2022-11-26,149.89666493733725
2022-11-27,149.73199768066405
2022-11-28,144.22000122070312
2022-11-29,141.1699981689453
2022-11-30,148.02999877929688
2022-12-01,148.30999755859375
2022-12-02,147.80999755859375
2022-12-03,146.2749989827474
2022-12-04,146.2749989827474
2022-12-05,146.6300048828125
2022-12-06,142.91000366210938
2022-12-07,140.94000244140625
2022-12-08,142.64999389648438
2022-12-09,142.16000366210938
2022-12-10,144.48714338030135
2022-12-11,143.8500010172526
2022-12-12,144.49000549316406
2022-12-13,145.47000122070312
2022-12-14,143.2100067138672
2022-12-15,136.5
2022-12-16,134.50999450683594
2022-12-17,141.28428649902344
2022-12-18,141.05666859944662
2022-12-19,132.3699951171875
2022-12-20,132.3000030517578
2022-12-21,135.4499969482422
2022-12-22,132.22999572753906
2022-12-23,131.86000061035156
2022-12-24,133.6028551374163
2022-12-25,133.119997660319
2022-12-26,132.8419982910156
2022-12-27,130.02999877929688
2022-12-28,126.04000091552734
2022-12-29,129.61000061035156
2022-12-30,129.92999267578125
2022-12-31,129.94999821980795
2023-01-01,129.4939987182617
2023-01-02,128.90249824523926
2023-01-03,125.06999969482422
2023-01-04,126.36000061035156
2023-01-05,125.0199966430664
2023-01-06,129.6199951171875
2023-01-07,127.60166422526042
2023-01-08,127.1999969482422
2023-01-09,130.14999389648438
2023-01-10,130.72999572753906
2023-01-11,133.49000549316406
2023-01-12,133.41000366210938
2023-01-13,134.75999450683594
2023-01-14,131.0257121494838
2023-01-15,132.02666473388672
2023-01-16,132.50799865722655
2023-01-17,135.94000244140625
2023-01-18,135.2100067138672
2023-01-19,135.27000427246094
2023-01-20,137.8699951171875
2023-01-21,135.41000111897787
2023-01-22,135.81000061035155
2023-01-23,141.11000061035156
2023-01-24,142.52999877929688
2023-01-25,141.86000061035156
2023-01-26,143.9600067138672
2023-01-27,145.92999267578125
2023-01-28,141.21857125418526
2023-01-29,142.20999908447266
2023-01-30,143.0
2023-01-31,144.2899932861328
2023-02-01,145.42999267578125
2023-02-02,150.82000732421875
2023-02-03,154.5
2023-02-04,146.8471418108259
2023-02-05,147.32833099365234
2023-02-06,151.72999572753906
2023-02-07,154.64999389648438
2023-02-08,151.9199981689453
2023-02-09,150.8699951171875
2023-02-10,151.00999450683594
2023-02-11,152.2142835344587
2023-02-12,152.44666290283203
2023-02-13,153.85000610351562
2023-02-14,153.1999969482422
2023-02-15,155.3300018310547
2023-02-16,153.7100067138672
2023-02-17,152.5500030517578
2023-02-18,152.93142918178015
2023-02-19,153.2750015258789
2023-02-20,153.7280029296875
2023-02-21,148.47999572753906
2023-02-22,148.91000366210938
2023-02-23,149.39999389648438
2023-02-24,146.7100067138672
2023-02-25,149.96000162760416
2023-02-26,149.21000061035156
2023-02-27,147.9199981689453
2023-02-28,147.41000366210938
2023-03-01,145.30999755859375
2023-03-02,145.91000366210938
2023-03-03,151.02999877929688
2023-03-04,147.67000034877233
2023-03-05,147.3816680908203
2023-03-06,153.8300018310547
2023-03-07,151.60000610351562
2023-03-08,152.8699951171875
2023-03-09,150.58999633789062
2023-03-10,148.5
2023-03-11,150.61857169015067
2023-03-12,151.40333302815756
2023-03-13,150.47000122070312
2023-03-14,152.58999633789062
2023-03-15,152.99000549316406
2023-03-16,155.85000610351562
2023-03-17,155.0
2023-03-18,152.28428649902344
2023-03-19,152.56666819254556
2023-03-20,157.39999389648438
2023-03-21,159.27999877929688
2023-03-22,157.8300018310547
2023-03-23,158.92999267578125
2023-03-24,160.25
2023-03-25,157.7914276123047
2023-03-26,158.11499786376953
2023-03-27,158.27999877929688
2023-03-28,157.64999389648438
2023-03-29,160.77000427246094
2023-03-30,162.36000061035156
2023-03-31,164.89999389648438
2023-04-01,160.44856916155135
2023-04-02,160.70166524251303
2023-04-03,166.1699981689453
2023-04-04,165.6300048828125
2023-04-05,163.75999450683594
2023-04-06,164.66000366210938
2023-04-07,164.03571428571428
2023-04-08,164.5799992879232
2023-04-09,165.0239990234375
2023-04-10,162.02999877929688
2023-04-11,160.8000030517578
2023-04-12,160.10000610351562
2023-04-13,165.55999755859375
2023-04-14,165.2100067138672
2023-04-15,163.06000264485678
2023-04-16,162.74000244140626
2023-04-17,165.22999572753906
2023-04-18,166.47000122070312
2023-04-19,167.6300048828125
2023-04-20,166.64999389648438
2023-04-21,165.02000427246094
2023-04-22,165.96714346749442
2023-04-23,166.03500111897787
2023-04-24,165.3300018310547
2023-04-25,163.77000427246094
2023-04-26,163.75999450683594
2023-04-27,168.41000366210938
2023-04-28,169.67999267578125
2023-04-29,166.08857073102678
2023-04-30,165.99500020345053
2023-05-01,169.58999633789062
2023-05-02,168.5399932861328
2023-05-03,167.4499969482422
2023-05-04,165.7899932861328
2023-05-05,173.57000732421875
2023-05-06,169.00428336007255
2023-05-07,169.10332997639975
2023-05-08,173.5
2023-05-09,171.77000427246094
2023-05-10,173.55999755859375
2023-05-11,173.75
2023-05-12,172.57000732421875
2023-05-13,172.07285853794642
2023-05-14,173.12000274658203
2023-05-15,172.07000732421875
2023-05-16,172.07000732421875
2023-05-17,172.69000244140625
2023-05-18,175.0500030517578
2023-05-19,175.16000366210938
2023-05-20,173.33714730398995
2023-05-21,173.26833852132162
2023-05-22,174.1999969482422
2023-05-23,171.55999755859375
2023-05-24,171.83999633789062
2023-05-25,172.99000549316406
2023-05-26,175.42999267578125
2023-05-27,173.7471422467913
2023-05-28,173.52999877929688
2023-05-29,173.20399780273436
2023-05-30,177.3000030517578
2023-05-31,177.25
2023-06-01,180.08999633789062
2023-06-02,180.9499969482422
2023-06-03,177.33499908447266
2023-06-04,178.20399780273436
2023-06-05,179.5800018310547
2023-06-06,179.2100067138672
2023-06-07,177.82000732421875
2023-06-08,180.57000732421875
2023-06-09,180.9600067138672
2023-06-10,179.8828604561942
2023-06-11,179.84833780924478
2023-06-12,183.7899932861328
2023-06-13,183.3099975585937
2023-06-14,183.9499969482422
2023-06-15,186.009994506836
2023-06-16,184.9199981689453
2023-06-17,183.3585706438337
2023-06-18,183.82333119710287
2023-06-19,184.9199981689453
2023-06-20,185.009994506836
2023-06-21,183.9600067138672
2023-06-22,187.0
2023-06-23,186.67999267578125
2023-06-24,185.49999782017295
2023-06-25,185.41499837239584
2023-06-26,185.2700042724609
2023-06-27,188.0599975585937
2023-06-28,189.25
2023-06-29,189.58999633789065
2023-06-30,187.115713936942
