timestamp,AAPL
2018-04-11,41.732858621423404
2018-04-12,41.81597260649866
2018-04-13,41.82563281756777
2018-04-14,42.2967067179179
2018-04-15,42.49886574756653
2018-04-16,42.56650460337905
2018-04-17,43.127093422144135
2018-04-18,43.351623222283365
2018-04-19,43.60760466157395
2018-04-20,43.58310540157347
2018-04-21,43.36848796493962
2018-04-22,43.38122376531368
2018-04-23,43.45850251422323
2018-04-24,43.371583582471324
2018-04-25,42.95495947444162
2018-04-26,42.62942728157668
2018-04-27,42.09208119734496
2018-04-28,42.21599447079615
2018-04-29,42.10766587462832
2018-04-30,41.79015727130892
2018-05-01,41.89648983770948
2018-05-02,41.74122666056157
2018-05-03,41.83107975534542
2018-05-04,41.75083783583252
2018-05-05,42.43090037956214
2018-05-06,42.389383567131034
2018-05-07,42.28700110124283
2018-05-08,42.8981376552804
2018-05-09,43.17695994817084
2018-05-10,43.85041804783459
2018-05-11,44.42051852756564
2018-05-12,45.145001452583394
2018-05-13,45.59522087139731
2018-05-14,46.359392531525174
2018-05-15,47.14180894283841
2018-05-16,47.42131535525674
2018-05-17,47.76925262726704
2018-05-18,47.86867464625452
2018-05-19,47.784028375494806
2018-05-20,47.69521094737531
2018-05-21,48.20123327737042
2018-05-22,48.36132314091958
2018-05-23,48.277184360185394
2018-05-24,48.433723394589606
2018-05-25,48.18371281918434
2018-05-26,48.11446774016459
2018-05-27,48.21719653801117
2018-05-28,48.454542955060674
2018-05-29,48.53209143089285
2018-05-30,48.39698199830831
2018-05-31,47.89388938850162
2018-06-01,47.77391389588955
2018-06-02,47.601666576841865
2018-06-03,47.482789298477734
2018-06-04,47.69282621664343
2018-06-05,47.848034774215954
2018-06-06,47.95220143022045
2018-06-07,48.00163250062597
2018-06-08,48.03137101975436
2018-06-09,48.15056672300981
2018-06-10,48.0578565074375
2018-06-11,48.34438762915419
2018-06-12,48.34168133575749
2018-06-13,48.44474296013371
2018-06-14,48.46124620376734
2018-06-15,48.135564920443755
2018-06-16,48.123996604960354
2018-06-17,48.099399527092785
2018-06-18,48.33017803998669
2018-06-19,48.25466295558357
2018-06-20,48.23700550578332
2018-06-21,48.0656557787296
2018-06-22,47.566803313457456
2018-06-23,47.39497052772329
2018-06-24,47.23339879031352
2018-06-25,47.349634318025174
2018-06-26,46.927470545653726
2018-06-27,46.74389586848
2018-06-28,46.4231009052078
2018-06-29,46.09049709431764
2018-06-30,46.05656926171035
2018-07-01,45.9675382617695
2018-07-02,45.92267744143264
2018-07-03,46.03365203185809
2018-07-04,46.16519759496205
2018-07-05,46.00418036607789
2018-07-06,45.75756237423869
2018-07-07,45.79579559405035
2018-07-08,45.75860127102584
2018-07-09,45.87275461124969
2018-07-10,46.07967177014856
2018-07-11,46.38913774529648
2018-07-12,46.371709851964084
2018-07-13,46.35521955028899
2018-07-14,46.35727210567399
2018-07-15,46.6390069056667
2018-07-16,47.08600053560254
2018-07-17,47.38399170476323
2018-07-18,47.61372150542679
2018-07-19,47.702667190295344
2018-07-20,47.781973632101355
2018-07-21,47.723785308500304
2018-07-22,47.73026218677861
2018-07-23,48.103427875881096
2018-07-24,48.128579064424684
2018-07-25,48.33460756264941
2018-07-26,48.45784678763406
2018-07-27,48.513885868273896
2018-07-28,48.31223234127444
2018-07-29,48.26542562980061
2018-07-30,48.57215400341619
2018-07-31,48.535441522774335
2018-08-01,48.63085527016737
2018-08-02,48.888084086231274
2018-08-03,49.20304340546131
2018-08-04,49.27903554909021
2018-08-05,49.30816721276821
2018-08-06,49.701111155842774
2018-08-07,50.16276021018044
2018-08-08,50.887359062382565
2018-08-09,51.3304078300159
2018-08-10,51.7073676759914
2018-08-11,51.41752851407334
2018-08-12,51.769380910108744
2018-08-13,52.483455854419304
2018-08-14,52.61005492661023
2018-08-15,53.09066595903465
2018-08-16,53.466712494571574
2018-08-17,53.601452607921935
2018-08-18,53.71857249593765
2018-08-19,53.68452349557456
2018-08-20,54.05531001242267
2018-08-21,54.171710130114505
2018-08-22,54.46612292725079
2018-08-23,54.8061688658101
2018-08-24,54.84434148379403
2018-08-25,54.560377789641116
2018-08-26,54.537786970727964
2018-08-27,54.882103457765346
2018-08-28,54.78877910350427
2018-08-29,55.07270843951983
2018-08-30,55.50307981549912
2018-08-31,55.81584601946949
2018-09-01,55.722987612100695
2018-09-02,55.778802376759025
2018-09-03,56.17872573165901
2018-09-04,56.2485550701844
2018-09-05,56.66507391627265
2018-09-06,57.08427025693805
2018-09-07,57.10302522150202
2018-09-08,56.52248269980999
2018-09-09,56.599397190696884
2018-09-10,56.987370547355255
2018-09-11,56.85645651109
2018-09-12,57.02114243936179
2018-09-13,57.00271464109025
2018-09-14,56.94129784342691
2018-09-15,56.40564346028769
2018-09-16,56.28106680124124
2018-09-17,56.28705658301661
2018-09-18,56.102590009388095
2018-09-19,55.887554104062865
2018-09-20,55.89547900939386
2018-09-21,55.543891389469294
2018-09-22,54.80884047394004
2018-09-23,54.65829227305781
2018-09-24,54.617059373969745
2018-09-25,54.72503301457181
2018-09-26,54.955452122651636
2018-09-27,55.22725236417045
2018-09-28,55.18747454019577
2018-09-29,54.88649503624467
2018-09-30,54.86617092394988
2018-10-01,55.07009714203495
2018-10-02,55.37872149494047
2018-10-03,55.683591178076675
2018-10-04,56.33065370777566
2018-10-05,56.43457724846845
2018-10-06,55.91165931397644
2018-10-07,56.13526452389696
2018-10-08,56.68079033038976
2018-10-09,56.8934226164015
2018-10-10,57.079029464625386
2018-10-11,56.99380514286906
2018-10-12,56.23543867129863
2018-10-13,55.61742057952743
2018-10-14,55.580309009969945
2018-10-15,55.724180808207
2018-10-16,55.89423842741609
2018-10-17,55.755481090648644
2018-10-18,55.99463124578824
2018-10-19,55.66955762527048
2018-10-20,55.028106320833665
2018-10-21,54.82134078213561
2018-10-22,54.73977871295569
2018-10-23,55.06897771488993
2018-10-24,55.00486442699336
2018-10-25,54.85879977855512
2018-10-26,54.7803448027093
2018-10-27,54.27040006449591
2018-10-28,54.160573567188194
2018-10-29,54.300237671266174
2018-10-30,54.409024883744685
2018-10-31,54.03583248240912
2018-11-01,54.20684015698172
2018-11-02,54.293129534174504
2018-11-03,53.61638327852985
2018-11-04,53.52865491600059
2018-11-05,53.36961463354606
2018-11-06,53.46603284086576
2018-11-07,52.97070536812699
2018-11-08,53.02869410154791
2018-11-09,52.51696117977797
2018-11-10,51.91727393638338
2018-11-11,51.77927038317954
2018-11-12,51.27381558173802
2018-11-13,51.119950809589795
2018-11-14,50.31585092338253
2018-11-15,49.67217950325499
2018-11-16,48.79870126454137
2018-11-17,48.43790743237438
2018-11-18,48.09636355452386
2018-11-19,47.178179939860094
2018-11-20,47.18503964948255
2018-11-21,46.100421490218125
2018-11-22,45.630733207216394
2018-11-23,45.2712030469643
2018-11-24,44.707755727137794
2018-11-25,44.48428866033462
2018-11-26,43.428833198307245
2018-11-27,43.458184545624434
2018-11-28,42.95011388164171
2018-11-29,43.34341039305992
2018-11-30,42.733131175159656
2018-12-01,43.07734560496535
2018-12-02,42.91111103950535
2018-12-03,41.74426038101769
2018-12-04,42.26013004321857
2018-12-05,42.23261664641582
2018-12-06,42.64071836832528
2018-12-07,42.23624720813172
2018-12-08,42.57574297655894
2018-12-09,42.7952077099211
2018-12-10,42.06552863929108
2018-12-11,42.48789120553892
2018-12-12,42.2909669173962
2018-12-13,42.62507531905393
2018-12-14,41.76199245302742
2018-12-15,42.5065135545346
2018-12-16,42.33252662469198
2018-12-17,41.260786974935
2018-12-18,41.2192236928712
2018-12-19,41.13141423746611
2018-12-20,41.35982158505338
2018-12-21,40.20059400984828
2018-12-22,40.63752080857619
2018-12-23,40.35688200024338
2018-12-24,39.324848446141175
2018-12-25,39.0265628424506
2018-12-26,38.8349729479022
2018-12-27,38.899609028567376
2018-12-28,38.03221870706006
2018-12-29,39.03311158974104
2018-12-30,38.75101522121115
2018-12-31,37.47547546213409
2019-01-01,37.76336267200207
2019-01-02,37.67814948549036
2019-01-03,37.8220073900729
2019-01-04,36.85571221394252
2019-01-05,37.69824087489967
2019-01-06,37.50560191345055
2019-01-07,36.456608720717064
2019-01-08,36.51167645784333
2019-01-09,36.61176071391429
2019-01-10,36.49341318559615
2019-01-11,36.126485061737064
2019-01-12,37.500896336664844
2019-01-13,37.38238465586126
2019-01-14,36.25840392360414
2019-01-15,36.528501422494216
2019-01-16,36.92111758869789
2019-01-17,37.09433397710732
2019-01-18,36.86561579600624
2019-01-19,38.22821079166939
2019-01-20,38.30577587113491
2019-01-21,37.115842392744426
2019-01-22,37.73828895841474
2019-01-23,38.21747041577929
2019-01-24,38.42802095184938
2019-01-25,37.77032018806899
2019-01-26,38.926749090874694
2019-01-27,38.99951303290562
2019-01-28,37.997846833004374
2019-01-29,38.35671082946808
2019-01-30,38.759965489273846
2019-01-31,39.29801350528056
2019-02-01,39.05791368395841
2019-02-02,40.45000900260478
2019-02-03,40.39864145435301
2019-02-04,39.495254937225546
2019-02-05,40.18971226338278
2019-02-06,41.483936606622805
2019-02-07,42.0057248813167
2019-02-08,41.79975396205053
2019-02-09,43.006164459233965
2019-02-10,42.95439767418222
2019-02-11,42.47129479732926
2019-02-12,42.9759324848673
2019-02-13,43.706221779750145
2019-02-14,43.49883838453102
2019-02-15,43.27613680763592
2019-02-16,43.80599582064958
2019-02-17,43.93529625047511
2019-02-18,43.434474883748415
2019-02-19,43.49376030878354
2019-02-20,43.97579139992697
2019-02-21,43.848632716667865
2019-02-22,43.5943480953989
2019-02-23,44.11615794326957
2019-02-24,44.13802393156404
2019-02-25,43.84932649187996
2019-02-26,43.94207972010801
2019-02-27,44.297885726933764
2019-02-28,43.96717221329452
2019-03-01,43.59178882859348
2019-03-02,44.024673701925195
2019-03-03,43.9704037399559
2019-03-04,43.825019433538195
2019-03-05,44.16086562849109
2019-03-06,44.472581263933975
2019-03-07,43.903457039842756
2019-03-08,43.84301077347032
2019-03-09,43.95949367835675
2019-03-10,43.9207638729413
2019-03-11,43.85879333565947
2019-03-12,44.20325024764771
2019-03-13,44.65104833715766
2019-03-14,44.37968420448988
2019-03-15,44.540283211637586
2019-03-16,44.985979662378014
2019-03-17,45.05261397010138
2019-03-18,44.960303285221364
2019-03-19,45.56649707709655
2019-03-20,45.99104587533774
2019-03-21,45.89537223089339
2019-03-22,46.55426340624734
2019-03-23,46.830704625239704
2019-03-24,47.06446685065281
2019-03-25,47.50661607256318
2019-03-26,48.02640603593436
2019-03-27,48.27898341395373
2019-03-28,47.99051434742561
2019-03-29,48.09404445969793
2019-03-30,47.84447120866925
2019-03-31,47.947114201590054
2019-04-01,48.13890101537888
2019-04-02,48.48539956253342
2019-04-03,48.969745353808484
2019-04-04,48.74618081933815
2019-04-05,49.105036946102594
2019-04-06,48.80078187466429
2019-04-07,48.828448982172546
2019-04-08,49.36537636033998
2019-04-09,49.63489787777913
2019-04-10,50.13949643596814
2019-04-11,49.98103999423712
2019-04-12,50.23828838341236
2019-04-13,49.65638266289421
2019-04-14,49.755758056659104
2019-04-15,50.29596787368168
2019-04-16,50.4350637650872
2019-04-17,50.71689414497875
2019-04-18,50.78417841270441
2019-04-19,50.98725450259945
2019-04-20,50.35763605570275
2019-04-21,50.50175543272431
2019-04-22,51.043731425579566
2019-04-23,51.1420360166405
2019-04-24,51.635203701353824
2019-04-25,51.732565383970815
2019-04-26,51.82619775182968
2019-04-27,51.2764051642567
2019-04-28,51.39488695435206
2019-04-29,52.0556374856272
2019-04-30,52.07135951177143
2019-05-01,52.149407895517754
2019-05-02,52.204144405648975
2019-05-03,52.264884535598576
2019-05-04,51.92199229222819
2019-05-05,51.96137206312532
2019-05-06,52.55823077447352
2019-05-07,52.52888371708416
2019-05-08,52.77479948854661
2019-05-09,52.34060603645865
2019-05-10,51.983593233478814
2019-05-11,51.019590396942554
2019-05-12,51.01044906044941
2019-05-13,51.484642019576334
2019-05-14,50.539610422472734
2019-05-15,50.18492094233963
2019-05-16,49.48313721255026
2019-05-17,48.85933472863832
2019-05-18,48.03870819215567
2019-05-19,47.677749941982
2019-05-20,47.39104031697144
2019-05-21,46.68904500539533
2019-05-22,46.584031990142265
2019-05-23,45.91428477573628
2019-05-24,45.224737629187494
2019-05-25,44.518581219417456
2019-05-26,44.382827358185246
2019-05-27,44.42491782455483
2019-05-28,44.25353082268624
2019-05-29,44.39740200008103
2019-05-30,43.89887222960663
2019-05-31,43.63054635041972
2019-06-01,43.318237714341635
2019-06-02,43.128951130743914
2019-06-03,43.03398755630552
2019-06-04,42.732379316984904
2019-06-05,42.947948203980125
2019-06-06,43.18350756138372
2019-06-07,43.244637890379344
2019-06-08,43.78675962092139
2019-06-09,44.000101793876304
2019-06-10,44.13849308063585
2019-06-11,44.72033194594336
2019-06-12,45.800753780254034
2019-06-13,46.26525438888885
2019-06-14,46.842310592979885
2019-06-15,47.150666071053124
2019-06-16,47.559151024405764
2019-06-17,48.06764675060091
2019-06-18,48.59796588375274
2019-06-19,49.49027666999844
2019-06-20,49.864709505046896
2019-06-21,50.1168138493867
2019-06-22,50.1493837208756
2019-06-23,50.10513184073582
2019-06-24,50.26899612491541
2019-06-25,50.49185666084858
2019-06-26,50.78465710959397
2019-06-27,50.942612709485026
2019-06-28,50.786791469791694
2019-06-29,50.78100021151294
2019-06-30,50.84374445167542
2019-07-01,50.759221504640685
2019-07-02,50.89089494090307
2019-07-03,51.24565927369559
2019-07-04,51.194698713428565
2019-07-05,50.99215017687821
2019-07-06,51.02993251499443
2019-07-07,50.93004781483081
2019-07-08,50.923383665939014
2019-07-09,50.984945650034874
2019-07-10,51.40227410195907
2019-07-11,51.204894559845165
2019-07-12,51.068046662195734
2019-07-13,50.94439157721999
2019-07-14,50.95099548239207
2019-07-15,50.921109674782855
2019-07-16,51.09400716673947
2019-07-17,51.54939334734996
2019-07-18,51.3145148035435
2019-07-19,51.33363753526162
2019-07-20,51.25532518228604
2019-07-21,51.31579531206883
2019-07-22,51.18776808330108
2019-07-23,51.438096883774584
2019-07-24,51.912144658433775
2019-07-25,51.885772120622114
2019-07-26,51.78732995407352
2019-07-27,51.84323598932754
2019-07-28,51.920187544709485
2019-07-29,51.8274497457654
2019-07-30,52.095548763646846
2019-07-31,52.48569602660412
2019-08-01,52.413688622196176
2019-08-02,52.395835565316524
2019-08-03,52.355020480057604
2019-08-04,52.38887685412321
2019-08-05,52.283378040794766
2019-08-06,52.10660572283173
2019-08-07,52.07040961538518
2019-08-08,51.48492310315088
2019-08-09,51.23083290279851
2019-08-10,51.039165827139456
2019-08-11,50.85884951173392
2019-08-12,50.23458635463168
2019-08-13,50.293374535695435
2019-08-14,50.74447887895179
2019-08-15,50.533279859038075
2019-08-16,50.19995678971091
2019-08-17,50.5941424747776
2019-08-18,50.48572579355332
2019-08-19,50.075878746976485
2019-08-20,50.88331468742416
2019-08-21,51.19326282955444
2019-08-22,51.322209507643606
2019-08-23,51.412086257241185
2019-08-24,51.20433505626216
2019-08-25,51.242041983670916
2019-08-26,51.5507389186062
2019-08-27,52.17807039379101
2019-08-28,52.085992208650474
2019-08-29,51.89418342675368
2019-08-30,51.703052970515934
2019-08-31,51.700810577216664
2019-09-01,51.78815590068911
2019-09-02,51.918571843742654
2019-09-03,52.25974266845716
2019-09-04,52.325136025464154
2019-09-05,52.38194282631789
2019-09-06,52.25021677895493
2019-09-07,52.21975230906654
2019-09-08,52.22066513600115
2019-09-09,52.40250132494258
2019-09-10,52.8538495277715
2019-09-11,53.22889514433445
2019-09-12,53.56267696256869
2019-09-13,53.68619005714795
2019-09-14,53.64612330166831
2019-09-15,53.951945650041345
2019-09-16,54.46459653376038
2019-09-17,55.014018867050616
2019-09-18,55.53562152512392
2019-09-19,55.75076385315388
2019-09-20,55.53085721261901
2019-09-21,55.40331037461977
2019-09-22,55.526758945220124
2019-09-23,55.72653218766776
2019-09-24,55.88987551997968
2019-09-25,56.11436928220343
2019-09-26,56.111143895513386
2019-09-27,55.70381357916847
2019-09-28,55.641172111732445
2019-09-29,55.58987291394422
2019-09-30,55.66782674284194
2019-10-01,55.936014144370944
2019-10-02,56.37438660912067
2019-10-03,55.98890291751153
2019-10-04,55.47091634852247
2019-10-05,55.72440028331544
2019-10-06,55.63114933478964
2019-10-07,55.85384802178737
2019-10-08,56.23204482498936
2019-10-09,56.517903983253476
2019-10-10,56.56400153304194
2019-10-11,56.51237678779293
2019-10-12,56.807089412659124
2019-10-13,56.85580694236629
2019-10-14,57.124087803414895
2019-10-15,57.5292396631648
2019-10-16,57.985508578895335
2019-10-17,58.257836574610444
2019-10-18,58.271393370232246
2019-10-19,58.29025179591441
2019-10-20,58.47690119568249
2019-10-21,59.02945794546407
2019-10-22,59.486083658960396
2019-10-23,59.82946844866426
2019-10-24,60.417626516614554
2019-10-25,60.502507579678046
2019-10-26,60.50987347445172
2019-10-27,60.67185044600926
2019-10-28,61.19065141183065
2019-10-29,61.6350749670279
2019-10-30,61.968433422750536
2019-10-31,62.09683652045994
2019-11-01,62.174863158008066
2019-11-02,62.1489654619751
2019-11-03,62.282323588086626
2019-11-04,62.8164068069387
2019-11-05,63.159243656301335
2019-11-06,63.73363341979731
2019-11-07,64.20192286843907
2019-11-08,64.5080559983029
2019-11-09,64.25448904822794
2019-11-10,64.38139809174265
2019-11-11,65.16683176577318
2019-11-12,65.45407361450846
2019-11-13,65.78711212502529
2019-11-14,66.3385609296838
2019-11-15,66.4568782351559
2019-11-16,65.97573795599335
2019-11-17,66.07074212522082
2019-11-18,67.08384225512472
2019-11-19,67.09355677149524
2019-11-20,67.38158982919767
2019-11-21,67.63406146682175
2019-11-22,67.72302518937877
2019-11-23,66.70582145476759
2019-11-24,66.69632257293456
2019-11-25,67.5629010465159
2019-11-26,67.13287718232861
2019-11-27,67.22647816441297
2019-11-28,67.37449680523935
2019-11-29,67.21823308589606
2019-11-30,66.51911941177232
2019-12-01,66.36550083561053
2019-12-02,67.19354369464374
2019-12-03,66.61718841504272
2019-12-04,66.53383148572186
2019-12-05,66.35831115484642
2019-12-06,66.55678496280456
2019-12-07,65.91891546685147
2019-12-08,65.943063908848
2019-12-09,66.79713734653457
2019-12-10,66.37247452908626
2019-12-11,66.686996810901
2019-12-12,66.91247482408824
2019-12-13,67.39578306671636
2019-12-14,66.67348671935405
2019-12-15,66.79650461909631
2019-12-16,67.72856797715238
2019-12-17,67.82007459795415
2019-12-18,68.51428622998131
2019-12-19,68.91744545045695
2019-12-20,69.76999748882996
2019-12-21,69.10255407618985
2019-12-22,69.42544599629964
2019-12-23,70.68891901049284
2019-12-24,70.66789333388225
2019-12-25,71.08188872017254
2019-12-26,71.25048694329975
2019-12-27,72.18254896992065
2019-12-28,71.5108512317654
2019-12-29,71.67736505372406
2019-12-30,72.88693679388295
2019-12-31,72.66141893114926
2020-01-01,72.96017755965154
2020-01-02,73.31307016545858
2020-01-03,74.29951466353877
2020-01-04,73.41132121764225
2020-01-05,73.6716981751377
2020-01-06,74.99542583115078
2020-01-07,74.82892926623408
2020-01-08,74.86668278309158
2020-01-09,75.60610007568233
2020-01-10,76.62636253553406
2020-01-11,75.84269041378931
2020-01-12,76.13046955455721
2020-01-13,77.46568389593303
2020-01-14,77.62747905746942
2020-01-15,77.99480565519838
2020-01-16,78.78284839000024
2020-01-17,79.47805653527219
2020-01-18,78.57557302423137
2020-01-19,78.90955562139953
2020-01-20,80.429419167968
2020-01-21,79.98699246819235
2020-01-22,80.08340245074993
2020-01-23,80.74051800573807
2020-01-24,81.20960392350352
2020-01-25,80.08428675022465
2020-01-26,80.28882663417387
2020-01-27,81.53257904153534
2020-01-28,80.63541381208618
2020-01-29,80.48482340772695
2020-01-30,81.17906342783793
2020-01-31,81.50341019075671
2020-02-01,79.82924543829337
2020-02-02,79.72893494081843
2020-02-03,80.52160144741113
2020-02-04,79.73448610100202
2020-02-05,79.70011964080679
2020-02-06,80.25901603874985
2020-02-07,80.28670799669959
2020-02-08,79.25110535300168
2020-02-09,79.36277200773036
2020-02-10,80.03423475168199
2020-02-11,80.09323661337582
2020-02-12,80.19378440376026
2020-02-13,80.95690560486399
2020-02-14,80.78116824542407
2020-02-15,80.12144432711634
2020-02-16,80.21472313374876
2020-02-17,80.85493293273204
2020-02-18,80.99082877255925
2020-02-19,81.11428248803553
2020-02-20,81.55699126410195
2020-02-21,81.21573718223354
2020-02-22,80.2213519049178
2020-02-23,80.23181240618824
2020-02-24,80.71199699154108
2020-02-25,79.85274523091631
2020-02-26,78.89613918234313
2020-02-27,78.33432905752737
2020-02-28,76.18998535331048
2020-02-29,74.03350322942597
2020-03-01,73.26610784430305
2020-03-02,72.52137513877554
2020-03-03,72.08380572762829
2020-03-04,71.83677465388115
2020-03-05,71.9322959813956
2020-03-06,71.07160075185337
2020-03-07,70.56294004089709
2020-03-08,70.33371576421551
2020-03-09,70.54556097099554
2020-03-10,69.30565085885793
2020-03-11,69.78108761137206
2020-03-12,69.32262055940937
2020-03-13,67.42376043879959
2020-03-14,67.06182930859813
2020-03-15,67.0167491784899
2020-03-16,66.43660390618736
2020-03-17,65.43651484010029
2020-03-18,65.31607752022575
2020-03-19,64.08359311024235
2020-03-20,63.22675527214766
2020-03-21,62.10959043511282
2020-03-22,61.604941040207294
2020-03-23,60.607316693141655
2020-03-24,59.88674496304419
2020-03-25,59.71142508775159
2020-03-26,58.84902449333341
2020-03-27,58.80890513395162
2020-03-28,59.09036350821209
2020-03-29,58.84372027843955
2020-03-30,57.10819361777076
2020-03-31,58.06902687323539
2020-04-01,58.34708167708594
2020-04-02,57.922550417100815
2020-04-03,57.25881216293939
2020-04-04,57.56771851928811
2020-04-05,58.0086463788769
2020-04-06,57.49623121672504
2020-04-07,59.51643401827025
2020-04-08,60.69237044186967
2020-04-09,61.43487152341873
2020-04-10,62.137617066401866
2020-04-11,63.120391880492335
2020-04-12,63.681197796492874
2020-04-13,63.3156900488748
2020-04-14,64.30800939160383
2020-04-15,66.36367495174895
2020-04-16,67.08407687183646
2020-04-17,67.2677462190081
2020-04-18,68.98386030480836
2020-04-19,69.84126409462917
2020-04-20,69.55704105618517
2020-04-21,70.99683315657133
2020-04-22,71.14533609596252
2020-04-23,70.37497792597067
2020-04-24,69.91287513068991
2020-04-25,71.2451459680926
2020-04-26,71.29931480427999
2020-04-27,70.27257894036696
2020-04-28,71.5092095113631
2020-04-29,72.21316334572548
2020-04-30,71.77793971841746
2020-05-01,71.74458346618056
2020-05-02,72.8885177742156
2020-05-03,72.96118019055416
2020-05-04,72.23037770680227
2020-05-05,73.29044268007354
2020-05-06,74.21549311567502
2020-05-07,74.0802066341019
2020-05-08,73.86709875312367
2020-05-09,75.27692041455795
2020-05-10,75.48019113989416
2020-05-11,74.93673564059509
2020-05-12,76.34232658982542
2020-05-13,77.17653445192923
2020-05-14,76.80297768985963
2020-05-15,76.88384145438467
2020-05-16,77.70637886930616
2020-05-17,78.12687433901691
2020-05-18,77.92923899040923
2020-05-19,78.7961142056157
2020-05-20,79.4426992109179
2020-05-21,79.2124250523719
2020-05-22,79.32020738576658
2020-05-23,80.17231319410055
2020-05-24,80.37492943200954
2020-05-25,80.21989654087584
2020-05-26,81.09225166990873
2020-05-27,81.48847104424068
2020-05-28,81.11455263909988
2020-05-29,81.06345001107323
2020-05-30,81.82626028038143
2020-05-31,81.88886782611803
2020-06-01,81.75222909599023
2020-06-02,82.5018985482709
2020-06-03,82.81180817606726
2020-06-04,82.1755552705237
2020-06-05,81.77373804848871
2020-06-06,82.30904753020971
2020-06-07,82.03427472650138
2020-06-08,82.1352465757455
2020-06-09,83.09598346595173
2020-06-10,83.91973451476825
2020-06-11,84.13581770737501
2020-06-12,84.38646762393714
2020-06-13,84.34199469982644
2020-06-14,84.62978620090962
2020-06-15,84.91333118436029
2020-06-16,86.36659754750697
2020-06-17,86.60176720683816
2020-06-18,86.55260951576004
2020-06-19,86.90377993285641
2020-06-20,86.69258099868932
2020-06-21,86.96536235376469
2020-06-22,87.68207305405463
2020-06-23,89.30869826552538
2020-06-24,90.06657558720663
2020-06-25,90.26890471938883
2020-06-26,90.01246463502112
2020-06-27,89.59513288005506
2020-06-28,89.79588841312372
2020-06-29,91.24625081503693
2020-06-30,92.13113371197244
2020-07-01,92.30930883170183
2020-07-02,92.47704096429027
2020-07-03,91.95571654094469
2020-07-04,91.28171528528478
2020-07-05,91.45948288534144
2020-07-06,93.23240998027556
2020-07-07,93.77050982082217
2020-07-08,94.06085805384802
2020-07-09,94.23865547571081
2020-07-10,94.1141412094179
2020-07-11,93.74923121216355
2020-07-12,93.97425173310947
2020-07-13,95.87621510433135
2020-07-14,96.3483335156183
2020-07-15,97.12741921922739
2020-07-16,97.17904452693392
2020-07-17,96.98965353531395
2020-07-18,96.23075590331352
2020-07-19,96.51253001374613
2020-07-20,98.14854872192008
2020-07-21,98.80501499283348
2020-07-22,99.24876984190664
2020-07-23,98.99288064452669
2020-07-24,98.53678331082547
2020-07-25,96.97624702119636
2020-07-26,96.92435953002415
2020-07-27,98.02561080960882
2020-07-28,97.63933170309714
2020-07-29,97.39686828556749
2020-07-30,96.10439719825831
2020-07-31,95.76819726973285
2020-08-01,96.70896420485131
2020-08-02,96.52838008185013
2020-08-03,98.06775379589554
2020-08-04,99.8720758192649
2020-08-05,101.85097879559059
2020-08-06,101.91114133060437
2020-08-07,103.63116034448984
2020-08-08,103.80015119782523
2020-08-09,105.02759327178342
2020-08-10,108.49413677862428
2020-08-11,110.16395714369084
2020-08-12,111.28591051881567
2020-08-13,112.29228759892217
2020-08-14,114.05044322387424
2020-08-15,114.03524245521433
2020-08-16,115.07508523445529
2020-08-17,117.95461795933247
2020-08-18,118.29731431582033
2020-08-19,118.68158109587492
2020-08-20,118.71155145253961
2020-08-21,119.7297785669302
2020-08-22,119.25507359418107
2020-08-23,119.90639157892095
2020-08-24,122.35818247502148
2020-08-25,123.44637204173033
2020-08-26,124.83786357481614
2020-08-27,125.599490416441
2020-08-28,126.80672535708638
2020-08-29,125.17514731045749
2020-08-30,125.95726079250096
2020-08-31,129.06719241379446
2020-09-01,129.4984167873864
2020-09-02,131.28442783990744
2020-09-03,131.73569694632795
2020-09-04,131.5798724210448
2020-09-05,129.33929281637978
2020-09-06,129.94029260250957
2020-09-07,132.78529842737078
2020-09-08,133.2431047633548
2020-09-09,131.22422891993742
2020-09-10,128.35919151934363
2020-09-11,126.64055376018838
2020-09-12,122.59360759994966
2020-09-13,121.15644463617554
2020-09-14,122.18278393882531
2020-09-15,119.38818367877258
2020-09-16,118.46018273631289
2020-09-17,114.94912196392484
2020-09-18,113.22503293675221
2020-09-19,109.83517521880674
2020-09-20,108.64839164106499
2020-09-21,110.36283681200237
2020-09-22,108.51560414051195
2020-09-23,108.93198467235693
2020-09-24,106.38800186017568
2020-09-25,106.6152835878883
2020-09-26,105.58926702274101
2020-09-27,105.20653953004643
2020-09-28,107.50151708604668
2020-09-29,106.82448685414424
2020-09-30,107.74596679672555
2020-10-01,106.71207256854544
2020-10-02,107.63943472515963
2020-10-03,106.7890761677009
2020-10-04,107.38527366909175
2020-10-05,110.13470269185402
2020-10-06,109.39629058719426
2020-10-07,110.99086812288157
2020-10-08,111.32937258839307
2020-10-09,112.5924218829276
2020-10-10,112.24031255837303
2020-10-11,113.49359431795627
2020-10-12,116.79463666378945
2020-10-13,116.8672703359051
2020-10-14,118.13052068036102
2020-10-15,117.67287300109304
2020-10-16,119.09069731536228
2020-10-17,117.92478098923867
2020-10-18,119.36901709771348
2020-10-19,122.72315640295683
2020-10-20,120.62215485437757
2020-10-21,120.58971892222947
2020-10-22,118.97660853575111
2020-10-23,119.692051985834
2020-10-24,118.4267343227525
2020-10-25,118.53738735140985
2020-10-26,121.71056373993504
2020-10-27,119.36899958334043
2020-10-28,119.31050081530708
2020-10-29,117.91266124780464
2020-10-30,118.26636471559631
2020-10-31,116.67363630984546
2020-11-01,116.42718552217326
2020-11-02,118.14994777626127
2020-11-03,116.62603363608068
2020-11-04,113.57196959927307
2020-11-05,112.70828012186325
2020-11-06,113.3852522558462
2020-11-07,113.75097020845398
2020-11-08,113.82468734617686
2020-11-09,115.74229263311985
2020-11-10,114.31154011455297
2020-11-11,114.35705190516295
2020-11-12,115.10782846981063
2020-11-13,114.78354142076917
2020-11-14,115.52619735529736
2020-11-15,115.68334358057857
2020-11-16,117.58277330165673
2020-11-17,116.81183730973981
2020-11-18,117.7843201069813
2020-11-19,117.16306272000848
2020-11-20,116.96882813383203
2020-11-21,117.38868673001659
2020-11-22,117.51545878792862
2020-11-23,119.29704538132872
2020-11-24,117.9810784608102
2020-11-25,117.5634068586016
2020-11-26,117.30457781218422
2020-11-27,116.76479435975808
2020-11-28,117.12568428216298
2020-11-29,117.18485301147174
2020-11-30,118.15367796873252
2020-12-01,117.2424841065567
2020-12-02,117.77809586333879
2020-12-03,117.70956098493534
2020-12-04,117.26918211038111
2020-12-05,119.37502496938924
2020-12-06,119.62235024855075
2020-12-07,120.86505546021922
2020-12-08,120.83788877041812
2020-12-09,121.35889360015472
2020-12-10,121.37052184451868
2020-12-11,120.71449924232527
2020-12-12,122.16531758763453
2020-12-13,122.38811074520652
2020-12-14,123.74856988118692
2020-12-15,123.07020189200313
2020-12-16,124.31220032757726
2020-12-17,125.2050966750502
2020-12-18,124.960869860078
2020-12-19,126.02832592222343
2020-12-20,126.18805823490983
2020-12-21,126.99832723926029
2020-12-22,128.11544963494097
2020-12-23,128.54778534982967
2020-12-24,129.98486065500717
2020-12-25,129.3923342264921
2020-12-26,129.6694863102489
2020-12-27,129.9232728291457
2020-12-28,131.00498902959012
2020-12-29,132.7172252642573
2020-12-30,133.1581564904436
2020-12-31,134.30742730982547
2021-01-01,133.44804250056643
2021-01-02,133.44290847438
2021-01-03,133.78780122039186
2021-01-04,135.2790475149821
2021-01-05,135.46403218362173
2021-01-06,135.43880283871084
2021-01-07,135.71049547928985
2021-01-08,134.02438819995493
2021-01-09,134.30145805529816
2021-01-10,134.22455301354103
2021-01-11,134.08199481540075
2021-01-12,133.95655355550434
2021-01-13,132.71279257099698
2021-01-14,133.03995935355763
2021-01-15,131.0986974938702
2021-01-16,129.87070849706706
2021-01-17,129.3266644306684
2021-01-18,129.09426938396962
2021-01-19,129.5253762143927
2021-01-20,128.53302115581025
2021-01-21,129.58489196652735
2021-01-22,129.55910424962346
2021-01-23,131.31034458023206
2021-01-24,131.07093378105068
2021-01-25,130.79217158447
2021-01-26,133.7151807168063
2021-01-27,134.58194408495226
2021-01-28,136.8014156075123
2021-01-29,135.85702088962884
2021-01-30,135.09631468537847
2021-01-31,135.78896021302103
2021-02-01,137.4886660278444
2021-02-02,138.5967751341435
2021-02-03,138.21241487152406
2021-02-04,138.67560240425829
2021-02-05,136.681926507562
2021-02-06,137.04631702079854
2021-02-07,136.87384200112433
2021-02-08,136.91731622178793
2021-02-09,137.8386372649234
2021-02-10,137.7909327843504
2021-02-11,138.45708144251242
2021-02-12,137.24709963313663
2021-02-13,136.5348828439491
2021-02-14,136.73942137644397
2021-02-15,137.37897773398677
2021-02-16,138.19113308518857
2021-02-17,137.0829026626872
2021-02-18,136.50808739647042
2021-02-19,134.75794129187608
2021-02-20,133.60238347171764
2021-02-21,133.14965880036257
2021-02-22,133.74661914364765
2021-02-23,133.00052438579814
2021-02-24,130.7216521145727
2021-02-25,129.76471119748308
2021-02-26,127.01795089549962
2021-02-27,125.51046283373302
2021-02-28,124.62187795032564
2021-03-01,124.69863569569043
2021-03-02,124.61330182843773
2021-03-03,123.36668638003877
2021-03-04,122.64081564079133
2021-03-05,120.8275310846578
2021-03-06,121.13457082006889
2021-03-07,120.24002403375975
2021-03-08,120.77335755230588
2021-03-09,119.99209066308373
2021-03-10,118.74974038644584
2021-03-11,118.42968377789069
2021-03-12,117.67595442506804
2021-03-13,118.125608089579
2021-03-14,117.69756888589203
2021-03-15,117.61325442836507
2021-03-16,118.46086790991576
2021-03-17,117.74766319057213
2021-03-18,118.21574399503494
2021-03-19,117.34445880005872
2021-03-20,117.82811773121117
2021-03-21,118.28484961108033
2021-03-22,118.98490079326136
2021-03-23,120.41093789290476
2021-03-24,120.05922230162103
2021-03-25,119.91738776036202
2021-03-26,119.59759622204761
2021-03-27,120.68541909163547
2021-03-28,120.54634821628012
2021-03-29,121.35640394057945
2021-03-30,121.35662940551725
2021-03-31,119.96409780967574
2021-04-01,120.24161844074563
2021-04-02,120.32520826041304
2021-04-03,121.06104344425191
2021-04-04,121.43281851073708
2021-04-05,121.5938927450879
2021-04-06,122.13422245540656
2021-04-07,122.14434690699468
2021-04-08,122.48070083008287
2021-04-09,123.11292625401254
2021-04-10,125.49770187915303
2021-04-11,126.33125618099128
2021-04-12,127.22892978152888
2021-04-13,128.4658797413222
2021-04-14,129.60140524862288
2021-04-15,130.60562154857075
2021-04-16,131.73466216637755
2021-04-17,133.2522688643455
2021-04-18,134.21192338901184
2021-04-19,135.42428886960442
2021-04-20,136.2750116742089
2021-04-21,135.95332747142737
2021-04-22,135.82003953112306
2021-04-23,135.73998625795292
2021-04-24,136.21626555197864
2021-04-25,136.56249427327745
2021-04-26,137.34498631884682
2021-04-27,137.16967270041417
2021-04-28,136.874846634513
2021-04-29,136.65230396613538
2021-04-30,136.89549259795473
2021-05-01,136.7005763338318
2021-05-02,136.95269200539906
2021-05-03,136.74635512538163
2021-05-04,135.75381398230115
2021-05-05,133.64617374516087
2021-05-06,132.04746798741738
2021-05-07,131.22820773270644
2021-05-08,131.71258939678293
2021-05-09,131.208237965871
2021-05-10,130.87382984564456
2021-05-11,129.7322049226475
2021-05-12,128.0117605649909
2021-05-13,126.72118872166698
2021-05-14,126.04799367350626
2021-05-15,126.1328025522824
2021-05-16,125.956371778757
2021-05-17,125.70176456010215
2021-05-18,124.83903412028153
2021-05-19,123.78187054558617
2021-05-20,123.37828676861295
2021-05-21,124.0288917449845
2021-05-22,124.42820493121776
2021-05-23,124.29909831226814
2021-05-24,124.4425007972389
2021-05-25,124.06766048646804
2021-05-26,123.29877552905826
2021-05-27,123.4786032227336
2021-05-28,123.79557199479119
2021-05-29,124.10762258693904
2021-05-30,124.24387581357243
2021-05-31,124.89980420316269
2021-06-01,125.02875923938662
2021-06-02,124.22019881707932
2021-06-03,124.35888787602367
2021-06-04,124.01608939719075
2021-06-05,124.56017290275466
2021-06-06,124.67019529719452
2021-06-07,125.0548214320197
2021-06-08,124.61204959227297
2021-06-09,124.32869110102503
2021-06-10,124.9575335412672
2021-06-11,125.35371604388305
2021-06-12,125.24801177117345
2021-06-13,125.60451245036744
2021-06-14,125.94998508451603
2021-06-15,126.40125074905524
2021-06-16,126.56059626746328
2021-06-17,127.5975342256523
2021-06-18,128.722494087175
2021-06-19,128.96353408099014
2021-06-20,129.394993331594
2021-06-21,131.00578791091726
2021-06-22,130.926799960507
2021-06-23,131.51014774866707
2021-06-24,132.70831872305385
2021-06-25,133.5554939440303
2021-06-26,133.6081640293772
2021-06-27,133.91611980706207
2021-06-28,134.96720321493262
2021-06-29,134.76222965793752
2021-06-30,135.14241412905943
2021-07-01,136.3215812545078
2021-07-02,137.01589224403435
2021-07-03,137.28349073480976
2021-07-04,137.53185325399141
2021-07-05,138.78678935148716
2021-07-06,138.47517766832567
2021-07-07,139.21499014309614
2021-07-08,140.77216002954876
2021-07-09,141.990628042243
2021-07-10,142.1186132520324
2021-07-11,142.59698242539886
2021-07-12,144.245886740429
2021-07-13,144.73742316935912
2021-07-14,145.39754341950177
2021-07-15,146.95346629198139
2021-07-16,148.49071886764438
2021-07-17,147.71695806277464
2021-07-18,148.28988744023292
2021-07-19,149.43493837744893
2021-07-20,148.92250454121518
2021-07-21,149.07184252538846
2021-07-22,149.25750156096345
2021-07-23,149.68541692227453
2021-07-24,149.28574605050338
2021-07-25,149.55427044895714
2021-07-26,149.75548905556457
2021-07-27,149.81373964418472
2021-07-28,149.57409861074322
2021-07-29,148.8755994813572
2021-07-30,148.7365436380781
2021-07-31,147.27628694069813
2021-08-01,147.13540318238788
2021-08-02,147.42915398024005
2021-08-03,146.95010128670916
2021-08-04,146.86217103302934
2021-08-05,146.98053927885937
2021-08-06,147.4292950289032
2021-08-07,146.49380550169937
2021-08-08,146.30511691007075
2021-08-09,146.8247845722202
2021-08-10,146.86450485834897
2021-08-11,146.6447987174736
2021-08-12,146.76438422136056
2021-08-13,147.2742609393009
2021-08-14,146.4790666167588
2021-08-15,146.68414490192225
2021-08-16,147.0319093027533
2021-08-17,147.77335930312168
2021-08-18,148.14475474821458
2021-08-19,148.29747141786697
2021-08-20,148.21566209930924
2021-08-21,147.1111959733447
2021-08-22,147.3193989069002
2021-08-23,148.4859931622051
2021-08-24,149.14484232821556
2021-08-25,149.17200177166865
2021-08-26,149.24172138957613
2021-08-27,149.22791630264223
2021-08-28,148.12903088920666
2021-08-29,148.11956843360556
2021-08-30,149.25210109899666
2021-08-31,150.24217602006829
2021-09-01,150.30918098326092
2021-09-02,150.69458620109896
2021-09-03,151.58021342776482
2021-09-04,151.0135352739563
2021-09-05,151.14154022847887
2021-09-06,152.74578601552744
2021-09-07,153.50825748236625
2021-09-08,154.24010535156015
2021-09-09,154.749252453858
2021-09-10,155.38100599629064
2021-09-11,153.09734508268815
2021-09-12,153.3806427395502
2021-09-13,154.94936312230652
2021-09-14,154.97828101747265
2021-09-15,153.93433360935427
2021-09-16,153.63950103361157
2021-09-17,153.16638514887555
2021-09-18,151.2030920764032
2021-09-19,150.67096096610922
2021-09-20,150.77663953338381
2021-09-21,149.90287060275782
2021-09-22,148.01977944927125
2021-09-23,147.17795388871042
2021-09-24,145.91482509577682
2021-09-25,144.79598402674767
2021-09-26,144.27294537143428
2021-09-27,143.87845019264685
2021-09-28,144.19630159130898
2021-09-29,143.16177121302454
2021-09-30,142.99229343435087
2021-10-01,142.12563660468422
2021-10-02,140.9746330080925
2021-10-03,141.21912422540973
2021-10-04,140.9209295912163
2021-10-05,140.52930441453208
2021-10-06,140.4408612544551
2021-10-07,140.23959044806955
2021-10-08,140.0765694232367
2021-10-09,139.77895051010276
2021-10-10,139.48841775432007
2021-10-11,139.46406978772708
2021-10-12,140.1316522742107
2021-10-13,140.2082582457855
2021-10-14,140.4114747384727
2021-10-15,140.51021538923064
2021-10-16,140.93879693389653
2021-10-17,141.3297499076511
2021-10-18,141.3267696894997
2021-10-19,142.32366047822038
2021-10-20,143.41906694141673
2021-10-21,145.2303707545105
2021-10-22,146.01804755124152
2021-10-23,146.9688225871409
2021-10-24,147.6032074340151
2021-10-25,148.07166824361727
2021-10-26,148.96432392293494
2021-10-27,149.17191991838254
2021-10-28,150.13158639376744
2021-10-29,150.8882038088208
2021-10-30,151.16267452722252
2021-10-31,151.33801900802843
2021-11-01,151.58558260465426
2021-11-02,151.54388492690052
2021-11-03,151.50085513963407
2021-11-04,152.6289893924302
2021-11-05,152.22678146647397
2021-11-06,152.41626745256738
2021-11-07,152.44908448832902
2021-11-08,152.54484762025237
2021-11-09,152.76924980500897
2021-11-10,152.5382492194703
2021-11-11,152.57408315827675
2021-11-12,151.3838515912836
2021-11-13,151.08175854760125
2021-11-14,150.76703045183442
2021-11-15,150.55909071288082
2021-11-16,150.4893291750478
2021-11-17,150.22287973849805
2021-11-18,151.3615670749286
2021-11-19,152.3914043918981
2021-11-20,153.55609478761275
2021-11-21,153.6677200203481
2021-11-22,153.85897991572355
2021-11-23,155.24303389814835
2021-11-24,155.98710484306068
2021-11-25,157.7215674966791
2021-11-26,158.07707000572353
2021-11-27,157.7855961744665
2021-11-28,158.59280075320325
2021-11-29,159.91953736868555
2021-11-30,160.8995587583942
2021-12-01,162.651820065321
2021-12-02,164.24494817822966
2021-12-03,164.4701764798594
2021-12-04,164.3148562865228
2021-12-05,164.35602963387626
2021-12-06,164.63249232425372
2021-12-07,165.8626464313831
2021-12-08,167.12081564526838
2021-12-09,169.48063654631193
2021-12-10,169.97662198810633
2021-12-11,171.43341944033057
2021-12-12,172.02801699912243
2021-12-13,172.63402242335772
2021-12-14,174.6786732044188
2021-12-15,176.0272802284621
2021-12-16,177.9004082047101
2021-12-17,177.50098385204578
2021-12-18,176.35128439710928
2021-12-19,176.7910700935278
2021-12-20,177.50614314896987
2021-12-21,178.1396357584615
2021-12-22,179.1261586552278
2021-12-23,179.2201644494209
2021-12-24,179.37938619098753
2021-12-25,178.3756751039898
2021-12-26,177.7885619043042
2021-12-27,177.2853564428275
2021-12-28,178.7300021146092
2021-12-29,179.7427010587587
2021-12-30,179.41215886078822
2021-12-31,179.1170799178673
2022-01-01,177.7648487642595
2022-01-02,178.01186197341565
2022-01-03,179.28397269769175
2022-01-04,180.9907383601728
2022-01-05,181.70739915169517
2022-01-06,180.61859206700117
2022-01-07,179.48904497956613
2022-01-08,177.70288124642744
2022-01-09,177.39719634113035
2022-01-10,178.47103809107762
2022-01-11,178.76031325996553
2022-01-12,178.4568285568099
2022-01-13,177.3108431566848
2022-01-14,175.912025204043
2022-01-15,174.21464859364397
2022-01-16,173.59534449899175
2022-01-17,174.1820161853981
2022-01-18,174.61517002779246
2022-01-19,173.61095657316798
2022-01-20,171.07422921059782
2022-01-21,169.22458736339
2022-01-22,166.4008460932229
2022-01-23,165.92059331259978
2022-01-24,166.704182476169
2022-01-25,166.31208990606018
2022-01-26,164.81097736808118
2022-01-27,162.14832752733622
2022-01-28,160.6109749257586
2022-01-29,161.36709373504607
2022-01-30,160.7078498792933
2022-01-31,160.98044694989568
2022-02-01,163.13004929679815
2022-02-02,163.88210813671958
2022-02-03,163.5015704720487
2022-02-04,164.81585245809896
2022-02-05,164.80792781294363
2022-02-06,164.83402246301708
2022-02-07,166.66344493251464
2022-02-08,168.88754698286843
2022-02-09,170.73813725147093
2022-02-10,170.71925438734056
2022-02-11,172.49638953142852
2022-02-12,171.6868041019794
2022-02-13,172.83840958133732
2022-02-14,175.06833372433337
2022-02-15,175.34413549265787
2022-02-16,175.72684931687206
2022-02-17,172.97095166112484
2022-02-18,173.30227921063818
2022-02-19,172.05352850803138
2022-02-20,172.10503272196632
2022-02-21,173.10975506871102
2022-02-22,173.6276781361489
2022-02-23,173.05930539809086
2022-02-24,169.2765031842743
2022-02-25,168.6615174337254
2022-02-26,168.18931371389846
2022-02-27,166.13920986728144
2022-02-28,166.80045013485983
2022-03-01,166.21613991434143
2022-03-02,165.0140076959184
2022-03-03,163.0117108895395
2022-03-04,163.35162124934521
2022-03-05,163.4085497366914
2022-03-06,163.04979158358987
2022-03-07,163.97171206353386
2022-03-08,163.4359797076256
2022-03-09,162.47879959950293
2022-03-10,160.3206787694272
2022-03-11,159.75120934299238
2022-03-12,159.23734255848748
2022-03-13,159.07131751348157
2022-03-14,159.14627584007278
2022-03-15,157.5786912798303
2022-03-16,157.54196812354226
2022-03-17,155.25850396186638
2022-03-18,155.63017404079775
2022-03-19,156.99407369039906
2022-03-20,156.81610297515644
2022-03-21,156.1023483041721
2022-03-22,156.60222797688613
2022-03-23,158.45868434987932
2022-03-24,157.6712272235679
2022-03-25,159.15314032215792
2022-03-26,161.00444886150976
2022-03-27,162.50647938874948
2022-03-28,164.1696598977559
2022-03-29,166.6018862594044
2022-03-30,170.5872995136394
2022-03-31,171.76117675990335
2022-04-01,173.9223997100628
2022-04-02,175.69039642091644
2022-04-03,177.36366691614754
2022-04-04,179.23729717576893
2022-04-05,180.84489322221773
2022-04-06,180.5501341781207
2022-04-07,178.8453714459695
2022-04-08,179.21649424858379
2022-04-09,178.61316437218377
2022-04-10,178.90044706415517
2022-04-11,178.89055483601697
2022-04-12,177.90462692124075
2022-04-13,177.25998766221156
2022-04-14,175.4358256361815
2022-04-15,175.0473003631983
2022-04-16,175.19228284621516
2022-04-17,174.81997988545683
2022-04-18,173.55406414436126
2022-04-19,172.01400826073933
2022-04-20,172.13492091721338
2022-04-21,168.96845274995636
2022-04-22,167.2393738400903
2022-04-23,165.84702345810678
2022-04-24,165.48342861282043
2022-04-25,165.0138544265178
2022-04-26,164.05192002189608
2022-04-27,163.52729793212436
2022-04-28,160.40363406307213
2022-04-29,160.37942067066982
2022-04-30,159.79649344902748
2022-05-01,159.61845732945437
2022-05-02,158.51363542353107
2022-05-03,158.05298704543992
2022-05-04,158.53675507132738
2022-05-05,157.88585042197164
2022-05-06,156.65439678984234
2022-05-07,156.68320775528787
2022-05-08,156.49168204472855
2022-05-09,155.65246904587934
2022-05-10,155.35050211335908
2022-05-11,155.94836235451555
2022-05-12,153.63787681878026
2022-05-13,151.2869725698812
2022-05-14,151.5590351014177
2022-05-15,150.9523127985927
2022-05-16,148.82428079002585
2022-05-17,148.53610974360166
2022-05-18,148.78214848039767
2022-05-19,145.61616543789285
2022-05-20,143.00075129653555
2022-05-21,142.79726203885733
2022-05-22,141.68008792473628
2022-05-23,139.14366875330018
2022-05-24,139.46697954336983
2022-05-25,138.67110764979756
2022-05-26,136.96057888786498
2022-05-27,137.19668807783376
2022-05-28,140.09422420992686
2022-05-29,139.5483317499781
2022-05-30,138.09100540318167
2022-05-31,138.27084135791736
2022-06-01,138.7768190656409
2022-06-02,138.19835319273486
2022-06-03,139.6547894299025
2022-06-04,141.1997983849684
2022-06-05,142.2203189302718
2022-06-06,142.2619464171698
2022-06-07,144.15157133215882
2022-06-08,145.9579497078805
2022-06-09,146.51313777879682
2022-06-10,145.7716697003524
2022-06-11,145.4260418168742
2022-06-12,145.1343680323936
2022-06-13,144.1729895798631
2022-06-14,143.09088987566216
2022-06-15,141.9890951705305
2022-06-16,140.11007540705342
2022-06-17,137.9201207642688
2022-06-18,138.6808026768781
2022-06-19,137.68719949194121
2022-06-20,134.85927866276322
2022-06-21,135.90173273049038
2022-06-22,134.96961976299767
2022-06-23,133.50830898793188
2022-06-24,133.5417612285312
2022-06-25,135.3813029639077
2022-06-26,135.0601810758665
2022-06-27,133.09111233133697
2022-06-28,134.8890938905025
2022-06-29,134.48766386550952
2022-06-30,133.5454097925217
2022-07-01,133.60735418807977
2022-07-02,135.08671912221166
2022-07-03,135.38025564850267
2022-07-04,133.95391460539417
2022-07-05,135.43645558886595
2022-07-06,136.28527859379193
2022-07-07,136.23566805246355
2022-07-08,138.2523869899034
2022-07-09,141.97454651330148
2022-07-10,142.59264931915925
2022-07-11,140.9368925732645
2022-07-12,142.99231406116812
2022-07-13,143.33406459213936
2022-07-14,143.2685627752369
2022-07-15,144.41148904925845
2022-07-16,147.14582493919428
2022-07-17,147.60107493276624
2022-07-18,145.82145121562624
2022-07-19,147.64122233752389
2022-07-20,148.2997976964043
2022-07-21,148.5359019954153
2022-07-22,150.3596133500555
2022-07-23,152.26036712379656
2022-07-24,152.95979199594706
2022-07-25,151.26600911242195
2022-07-26,153.51760458094694
2022-07-27,153.7139602075514
2022-07-28,154.16778774541666
2022-07-29,155.05518699322798
2022-07-30,157.27334145079294
2022-07-31,157.6791949728876
2022-08-01,156.27252947576423
2022-08-02,158.7296782160476
2022-08-03,159.67474398833227
2022-08-04,160.5428474846718
2022-08-05,162.18642440496703
2022-08-06,162.9395304848602
2022-08-07,163.53661606598618
2022-08-08,163.0565531415414
2022-08-09,165.25047941490385
2022-08-10,166.41626537727882
2022-08-11,166.5094518525108
2022-08-12,168.44770157686318
2022-08-13,168.70772159088352
2022-08-14,169.35161304056078
2022-08-15,168.94967542090208
2022-08-16,171.5760783348274
2022-08-17,172.63756483023465
2022-08-18,173.57283478980779
2022-08-19,175.14272046031408
2022-08-20,173.87878437060135
2022-08-21,174.46817626768956
2022-08-22,175.03556193436228
2022-08-23,175.90505065093106
2022-08-24,176.69425742617963
2022-08-25,176.16932072535454
2022-08-26,175.99020268056609
2022-08-27,172.9160026679837
2022-08-28,172.4398376240284
2022-08-29,171.65611812884615
2022-08-30,170.45695112874748
2022-08-31,170.17361863029782
2022-09-01,167.88014148070806
2022-09-02,165.27003919302445
2022-09-03,161.25855203119602
2022-09-04,160.1422653804119
2022-09-05,157.82236196434553
2022-09-06,156.98028479356023
2022-09-07,156.4644034224556
2022-09-08,155.26186396637374
2022-09-09,153.8727675156466
2022-09-10,153.44158857507975
2022-09-11,152.28755549363564
2022-09-12,151.51774667257374
2022-09-13,152.59174550809675
2022-09-14,153.69558769296657
2022-09-15,153.50546697172888
2022-09-16,152.7122143390761
2022-09-17,150.9805702707622
2022-09-18,150.8629776518576
2022-09-19,150.45679063965173
2022-09-20,150.32142507668036
2022-09-21,152.6865260560915
2022-09-22,152.6520342247158
2022-09-23,152.8347545424063
2022-09-24,150.9463931049534
2022-09-25,150.5462458454483
2022-09-26,151.64559196871087
2022-09-27,150.45585024158746
2022-09-28,151.47704202558012
2022-09-29,150.85798141968252
2022-09-30,149.493520564267
2022-10-01,146.07169203659043
2022-10-02,146.14740748063167
2022-10-03,146.5526889594157
2022-10-04,144.42338636821992
2022-10-05,145.476142865404
2022-10-06,144.4949868896342
2022-10-07,143.86341137490137
2022-10-08,143.04600002695335
2022-10-09,142.55985244035543
2022-10-10,142.054072571307
2022-10-11,141.15808763104906
2022-10-12,141.5919660886043
2022-10-13,140.53043251905927
2022-10-14,139.4303837125273
2022-10-15,138.98631288569237
2022-10-16,138.87700588018185
2022-10-17,138.29008905727142
2022-10-18,137.68361443717805
2022-10-19,138.73953275782014
2022-10-20,138.45689142059703
2022-10-21,137.40470436483915
2022-10-22,139.47053560096546
2022-10-23,139.80471930956486
2022-10-24,140.31556393971186
2022-10-25,141.0112299054736
2022-10-26,143.9141370844902
2022-10-27,144.78851515894812
2022-10-28,144.2736136702417
2022-10-29,147.3551752665652
2022-10-30,148.2684961277957
2022-10-31,149.7459351871405
2022-11-01,150.4763974650307
2022-11-02,152.12509891427564
2022-11-03,149.81372046510126
2022-11-04,148.94594073655625
2022-11-05,147.89867952767702
2022-11-06,148.3537468356554
2022-11-07,149.28919016504452
2022-11-08,147.18271600910225
2022-11-09,146.6766681839975
2022-11-10,144.00979003424015
2022-11-11,143.95596299185252
2022-11-12,146.42536444909723
2022-11-13,145.82984660304984
2022-11-14,145.12520813367948
2022-11-15,145.1611953147529
2022-11-16,144.97122675536937
2022-11-17,145.12950013442187
2022-11-18,145.58509884215388
2022-11-19,147.58982975095614
2022-11-20,147.72009451061606
2022-11-21,148.57674762604086
2022-11-22,148.27911656624556
2022-11-23,147.74826708828016
2022-11-24,147.9030900525645
2022-11-25,147.94180305116302
2022-11-26,149.80251113815012
2022-11-27,150.2057659223305
2022-11-28,150.100742562288
2022-11-29,149.7185981832058
2022-11-30,148.10712640997028
2022-12-01,148.07138417541614
2022-12-02,147.95110644272518
2022-12-03,149.6091815522065
2022-12-04,149.6077626766456
2022-12-05,149.3198371938028
2022-12-06,148.8153725418254
2022-12-07,148.00226073381327
2022-12-08,146.805599148745
2022-12-09,146.14582784442246
2022-12-10,146.38536598283383
2022-12-11,145.80897454583103
2022-12-12,145.52655424286186
2022-12-13,144.54698674040117
2022-12-14,144.15054117981893
2022-12-15,143.45758631054795
2022-12-16,142.43500304348368
2022-12-17,141.64482027304282
2022-12-18,141.56899111506462
2022-12-19,141.61788195965175
2022-12-20,140.2579431280758
2022-12-21,137.78656532432203
2022-12-22,136.55059989209886
2022-12-23,135.2987192049467
2022-12-24,135.7712272568008
2022-12-25,135.1421390569982
2022-12-26,133.35999391519084
2022-12-27,133.42911672740746
2022-12-28,131.84973843310144
2022-12-29,129.9691157267052
2022-12-30,129.18545050248167
2022-12-31,130.07179720288235
2023-01-01,129.5857793879476
2023-01-02,128.25937274515272
2023-01-03,128.1265423317704
2023-01-04,126.3582695004138
2023-01-05,125.56897546931368
2023-01-06,125.01936090720673
2023-01-07,126.02469803759321
2023-01-08,125.5520758671467
2023-01-09,124.46746947280539
2023-01-10,124.4042552015165
2023-01-11,123.98220233959228
2023-01-12,124.25974852179903
2023-01-13,125.18888224732301
2023-01-14,125.89667954606259
2023-01-15,127.08340559407273
2023-01-16,127.52630630687301
2023-01-17,128.17968274917692
2023-01-18,128.911202953618
2023-01-19,130.17930757448065
2023-01-20,132.429558898651
2023-01-21,133.40578618009474
2023-01-22,134.47129694182175
2023-01-23,135.28607079434227
2023-01-24,136.55531689952272
2023-01-25,137.72058193846257
2023-01-26,137.78798853119562
2023-01-27,141.29609075675214
2023-01-28,141.96177058725078
2023-01-29,142.78629871030734
2023-01-30,143.3195425254841
2023-01-31,143.84179089479858
2023-02-01,144.21441962304246
2023-02-02,144.6838187478963
2023-02-03,147.78095774586228
2023-02-04,148.37984577788276
2023-02-05,149.210423778662
2023-02-06,149.38682001725303
2023-02-07,150.2961298449384
2023-02-08,151.30465926934278
2023-02-09,153.02150241941396
2023-02-10,154.20673962999942
2023-02-11,153.70352876763215
2023-02-12,154.16110822204945
2023-02-13,154.4130079263052
2023-02-14,155.35435812144405
2023-02-15,155.57770563903145
2023-02-16,156.85636885376783
2023-02-17,158.0686498445747
2023-02-18,156.93342636180844
2023-02-19,157.24362604801985
2023-02-20,157.37395834708516
2023-02-21,157.0610508736056
2023-02-22,156.35386796751692
2023-02-23,155.23744188937664
2023-02-24,155.00747305243618
2023-02-25,153.01343734675234
2023-02-26,152.44021617376163
2023-02-27,151.63756961713665
2023-02-28,150.1913118950031
2023-03-01,149.7933062640616
2023-03-02,148.5338494345488
2023-03-03,147.99528099851153
2023-03-04,147.65296025645395
2023-03-05,147.16814242424007
2023-03-06,146.86623936645805
2023-03-07,147.15481871893434
2023-03-08,147.91167698443465
2023-03-09,148.20798677719145
2023-03-10,149.42248326559536
2023-03-11,148.49346588223526
2023-03-12,148.5969271636419
2023-03-13,149.79460564578488
2023-03-14,148.97725087125727
2023-03-15,149.24274624798204
2023-03-16,149.40044554845943
2023-03-17,151.0889546000521
2023-03-18,151.54507390940643
2023-03-19,152.14319078854766
2023-03-20,153.340210114709
2023-03-21,154.2693063391341
2023-03-22,155.2609210039129
2023-03-23,156.30725808906757
2023-03-24,157.62876037836244
2023-03-25,157.4773251641516
2023-03-26,157.90617169489093
2023-03-27,159.47765048369345
2023-03-28,159.46010620005222
2023-03-29,159.5649880997011
2023-03-30,160.3508029430516
2023-03-31,162.06055902123273
2023-04-01,161.22371154511677
2023-04-02,161.48159458022147
2023-04-03,163.29984150818927
2023-04-04,163.79391981497028
2023-04-05,164.45455435676047
2023-04-06,165.43427559427585
2023-04-07,166.63793277095007
2023-04-08,164.54071770307712
2023-04-09,164.88694901975472
2023-04-10,167.2826780492174
2023-04-11,166.79356243960572
2023-04-12,166.52589295211342
2023-04-13,166.51127316786437
2023-04-14,167.37700197771454
2023-04-15,165.03697460007274
2023-04-16,164.90542231022673
2023-04-17,166.34498547842495
2023-04-18,166.14074170496733
2023-04-19,165.93686117328699
2023-04-20,167.15976498247338
2023-04-21,167.48839526661232
2023-04-22,164.98011061151237
2023-04-23,165.1938951879909
2023-04-24,166.93219407495184
2023-04-25,166.72767237369004
2023-04-26,166.14237152745278
2023-04-27,166.72179953622853
2023-04-28,167.19425145063587
2023-04-29,165.9277362754853
2023-04-30,165.9048563950962
2023-05-01,167.5017206489248
2023-05-02,167.58220611356975
2023-05-03,167.56607851144886
2023-05-04,169.01405604200377
2023-05-05,168.928460921181
2023-05-06,167.6365471286195
2023-05-07,167.8481818581112
2023-05-08,169.76575018539594
2023-05-09,169.6795166529054
2023-05-10,169.6780440618764
2023-05-11,171.43873426507318
2023-05-12,172.82799032598535
2023-05-13,171.34820942161528
2023-05-14,171.92903097709905
2023-05-15,174.2163327976276
2023-05-16,173.60091710737484
2023-05-17,173.51016255350018
2023-05-18,174.19779663902943
2023-05-19,175.09112835585296
2023-05-20,174.10953597196624
2023-05-21,174.13321120634913
2023-05-22,175.65708713900617
2023-05-23,175.06571566853597
2023-05-24,174.95192806731845
2023-05-25,175.68558874940135
2023-05-26,176.05174711311355
2023-05-27,174.7023293460327
2023-05-28,174.7370804255678
2023-05-29,175.8591909476978
2023-05-30,174.5154497918967
2023-05-31,174.91466811638844
2023-06-01,176.35681848662955
2023-06-02,177.74844481964286
2023-06-03,176.75584569785852
2023-06-04,176.89942739623527
2023-06-05,178.50509323758317
2023-06-06,178.424966116222
2023-06-07,178.59577930162234
2023-06-08,179.84847351035302
2023-06-09,180.85276261959964
2023-06-10,178.85316487795885
2023-06-11,179.17443448545515
2023-06-12,181.0520259664343
2023-06-13,181.50702984881053
2023-06-14,182.2329975889292
2023-06-15,184.21479403359487
2023-06-16,185.5287191054975
2023-06-17,183.82084186883174
2023-06-18,183.90801690563052
2023-06-19,185.58887680678768
2023-06-20,185.5868172386875
2023-06-21,185.62670935197616
2023-06-22,187.35739937151033
2023-06-23,188.09407911848533
2023-06-24,186.02007214283267
2023-06-25,186.30231092085805
2023-06-26,187.85543663092645
2023-06-27,187.44128730423506
2023-06-28,187.62570712976512
2023-06-29,189.77107038274545
