timestamp,target
2018-04-11,43.4041904126732
2018-04-12,43.321320259721944
2018-04-13,43.43271122411879
2018-04-14,43.56782357939398
2018-04-15,43.61719932032981
2018-04-16,43.35688041749552
2018-04-17,43.86931164262606
2018-04-18,44.077932118229874
2018-04-19,44.22661893955122
2018-04-20,44.02528669883371
2018-04-21,43.21863579426916
2018-04-22,44.00471113371085
2018-04-23,43.85513952625101
2018-04-24,42.7079840314926
2018-04-25,41.96623351156938
2018-04-26,42.21629838867493
2018-04-27,41.781031803412986
2018-04-28,41.36303572690157
2018-04-29,41.584625014512675
2018-04-30,41.42545248019524
2018-05-01,41.68895612861202
2018-05-02,42.05170243717284
2018-05-03,43.13151494910156
2018-05-04,43.35867521797609
2018-05-05,44.47399350355981
2018-05-06,43.48970624334359
2018-05-07,43.55787247945684
2018-05-08,44.34902728833001
2018-05-09,44.79181177800734
2018-05-10,44.97041987583529
2018-05-11,45.55116143616116
2018-05-12,45.959841264566286
2018-05-13,46.00901844040974
2018-05-14,46.22274693233857
2018-05-15,46.14855623765267
2018-05-16,45.97537235603902
2018-05-17,46.325311627007714
2018-05-18,46.12220459894264
2018-05-19,46.22641472869051
2018-05-20,46.314940357720815
2018-05-21,46.72713070181916
2018-05-22,46.33046380503459
2018-05-23,46.60737280331891
2018-05-24,46.71890690213787
2018-05-25,46.451644122722435
2018-05-26,46.74105310493213
2018-05-27,46.51282574546765
2018-05-28,46.88065615044474
2018-05-29,46.642488500300566
2018-05-30,46.46970183016865
2018-05-31,46.39946192451291
2018-06-01,46.152443283133806
2018-06-02,46.08326022864877
2018-06-03,46.714977307579645
2018-06-04,46.96318994723992
2018-06-05,47.153474865517715
2018-06-06,47.49064921718737
2018-06-07,48.032381381068625
2018-06-08,48.31188284914261
2018-06-09,48.11495405837482
2018-06-10,48.044100436705364
2018-06-11,48.20397040463989
2018-06-12,47.984281171544524
2018-06-13,48.21661617397163
2018-06-14,47.976416426345644
2018-06-15,47.91738034574126
2018-06-16,47.778773691601145
2018-06-17,47.733256509850804
2018-06-18,47.80254419840461
2018-06-19,47.68736218259588
2018-06-20,46.89569234278301
2018-06-21,46.999539323987854
2018-06-22,46.70837880212239
2018-06-23,46.59506512031791
2018-06-24,47.28774582198951
2018-06-25,47.052887217637
2018-06-26,46.50156416380056
2018-06-27,46.97665003970204
2018-06-28,46.48081563724512
2018-06-29,46.77875051242558
2018-06-30,46.45196590964008
2018-07-01,46.72142330506226
2018-07-02,46.8018000982608
2018-07-03,47.12033614707599
2018-07-04,46.39353946243506
2018-07-05,46.83207900947592
2018-07-06,46.5108478470423
2018-07-07,46.951403488779675
2018-07-08,46.76390002341271
2018-07-09,47.24283210214689
2018-07-10,47.341388813770365
2018-07-11,47.54319526022287
2018-07-12,47.05809925150893
2018-07-13,47.67152628287698
2018-07-14,47.91976371798488
2018-07-15,47.618111976893225
2018-07-16,47.66895003290967
2018-07-17,48.034856711583046
2018-07-18,47.8030086456454
2018-07-19,47.721564204851816
2018-07-20,47.8493718526659
2018-07-21,47.89979664190046
2018-07-22,48.03305403075372
2018-07-23,47.95008313481519
2018-07-24,47.93535218450351
2018-07-25,48.02061677318143
2018-07-26,48.32824999052354
2018-07-27,48.32983708520092
2018-07-28,48.268774607027474
2018-07-29,48.32675529903456
2018-07-30,48.0939224722828
2018-07-31,48.0402678633945
2018-08-01,48.27251672959876
2018-08-02,48.759787035603985
2018-08-03,49.71598850580939
2018-08-04,50.23652798278447
2018-08-05,49.07787402844015
2018-08-06,49.170917361783886
2018-08-07,50.46894767585922
2018-08-08,50.1955313465709
2018-08-09,50.7034301745921
2018-08-10,51.08078330483177
2018-08-11,50.86025886341574
2018-08-12,51.049900212775974
2018-08-13,51.25547472924436
2018-08-14,51.57973190150359
2018-08-15,51.302188655325175
2018-08-16,51.652237253584644
2018-08-17,52.16426907312643
2018-08-18,52.84469101151275
2018-08-19,52.045825951258195
2018-08-20,52.2674259775491
2018-08-21,52.756625554057536
2018-08-22,52.787665209984496
2018-08-23,53.09500681599935
2018-08-24,53.09702974147431
2018-08-25,53.4074570711395
2018-08-26,53.687759172257856
2018-08-27,53.96691250875747
2018-08-28,54.24609633243889
2018-08-29,54.17533357009008
2018-08-30,54.44209490961004
2018-08-31,55.50868573636693
2018-09-01,56.03106062172336
2018-09-02,55.320668317778505
2018-09-03,55.745193812609166
2018-09-04,55.773823413747245
2018-09-05,56.5168325528843
2018-09-06,56.38084283039136
2018-09-07,56.18868581133147
2018-09-08,55.56110182876317
2018-09-09,56.39660077227156
2018-09-10,56.595456730872876
2018-09-11,56.01960584753538
2018-09-12,56.286508040105545
2018-09-13,55.55163564171361
2018-09-14,56.26822360384136
2018-09-15,56.30097832599902
2018-09-16,56.340869490657234
2018-09-17,56.09373783220002
2018-09-18,56.23748736781148
2018-09-19,55.65872608653667
2018-09-20,55.516074311066035
2018-09-21,55.55456245224876
2018-09-22,55.565387137040815
2018-09-23,55.74767764422975
2018-09-24,55.77870067758866
2018-09-25,55.44822174151162
2018-09-26,55.52997412362546
2018-09-27,56.10230326999115
2018-09-28,56.8178599767892
2018-09-29,57.069687701012214
2018-09-30,56.474847632973116
2018-10-01,56.45670260346971
2018-10-02,56.89185066881757
2018-10-03,57.59601607555662
2018-10-04,57.79743554749504
2018-10-05,57.617656225547314
2018-10-06,57.71057439018234
2018-10-07,57.59732274555133
2018-10-08,57.727729320803235
2018-10-09,57.30504941400745
2018-10-10,58.19718816107839
2018-10-11,56.35442478218142
2018-10-12,56.129581981379545
2018-10-13,56.810777730884645
2018-10-14,56.23906840092831
2018-10-15,56.01566509817438
2018-10-16,55.53650670985882
2018-10-17,56.57003365221266
2018-10-18,56.16712066920232
2018-10-19,55.73946310943672
2018-10-20,56.019309210211524
2018-10-21,55.68797597179949
2018-10-22,55.9118280306607
2018-10-23,55.75246229874144
2018-10-24,56.29187942391522
2018-10-25,55.5430818109423
2018-10-26,55.4503355841035
2018-10-27,54.755233680156934
2018-10-28,54.94853094856645
2018-10-29,55.09783446832826
2018-10-30,54.523836203183876
2018-10-31,54.42016180779079
2018-11-01,54.6853235953231
2018-11-02,55.503864273366666
2018-11-03,53.88530154073774
2018-11-04,54.3082470936913
2018-11-05,54.43022306375331
2018-11-06,53.16354890204844
2018-11-07,53.535806913353966
2018-11-08,53.34642016079096
2018-11-09,52.11602261242656
2018-11-10,53.08027814891456
2018-11-11,52.032619436411856
2018-11-12,52.260063269451955
2018-11-13,50.92166753297998
2018-11-14,50.47402081956676
2018-11-15,49.87392084142649
2018-11-16,49.646644295215374
2018-11-17,49.20421963634797
2018-11-18,49.10936251107951
2018-11-19,48.79721196365933
2018-11-20,48.49335051595175
2018-11-21,47.42028951583643
2018-11-22,46.59747390628553
2018-11-23,46.863201737185065
2018-11-24,45.60952159688543
2018-11-25,46.86818907907485
2018-11-26,45.46285159176071
2018-11-27,45.05174451393005
2018-11-28,45.01468444579404
2018-11-29,45.07946146112557
2018-11-30,44.73288043090812
2018-12-01,45.22993774176885
2018-12-02,44.718505312878165
2018-12-03,44.31743113143667
2018-12-04,45.90559752842056
2018-12-05,45.495289032997626
2018-12-06,44.64910968886262
2018-12-07,44.571144855602284
2018-12-08,44.45546416325048
2018-12-09,44.53658410361591
2018-12-10,44.174609795848504
2018-12-11,44.02313314327349
2018-12-12,43.67940798868372
2018-12-13,43.032455450065115
2018-12-14,43.06316603678406
2018-12-15,42.24196383567764
2018-12-16,41.85920078959
2018-12-17,41.59101652909608
2018-12-18,41.446826393252834
2018-12-19,41.94411397897942
2018-12-20,41.29850510098588
2018-12-21,40.72821414942265
2018-12-22,40.12149335120179
2018-12-23,40.07191512841377
2018-12-24,39.56647348123621
2018-12-25,39.471340675928325
2018-12-26,39.47981799643995
2018-12-27,38.17269469816919
2018-12-28,39.093125865910864
2018-12-29,38.47920095139319
2018-12-30,38.31164639817015
2018-12-31,38.06424653361534
2019-01-01,38.70828654787975
2019-01-02,38.521286117660495
2019-01-03,38.46767973628233
2019-01-04,37.22865179102254
2019-01-05,37.67326258059152
2019-01-06,37.11936594708741
2019-01-07,37.223584885435145
2019-01-08,36.84279501857645
2019-01-09,37.21877749733802
2019-01-10,37.01512298561887
2019-01-11,36.616663230731255
2019-01-12,36.868473994392815
2019-01-13,35.97609500425506
2019-01-14,37.06556267961678
2019-01-15,36.849719919044055
2019-01-16,36.75465565230767
2019-01-17,36.52026596653087
2019-01-18,37.455110732224384
2019-01-19,37.049107714725224
2019-01-20,36.696228248212535
2019-01-21,37.169512982419135
2019-01-22,37.41668703539916
2019-01-23,37.02380995030451
2019-01-24,37.52157592152741
2019-01-25,37.38557161770484
2019-01-26,37.76478400421374
2019-01-27,37.826607772178335
2019-01-28,38.00104042534733
2019-01-29,38.10857012344377
2019-01-30,38.22962976240085
2019-01-31,39.30419915573764
2019-02-01,40.27994980062809
2019-02-02,40.4221180068733
2019-02-03,40.17407900412285
2019-02-04,39.98280738288983
2019-02-05,41.03351901619388
2019-02-06,41.63012033631303
2019-02-07,42.02984990364207
2019-02-08,41.77763348665377
2019-02-09,42.095645560922144
2019-02-10,42.18453777462547
2019-02-11,42.392930076129055
2019-02-12,42.21118992618919
2019-02-13,41.930446579451086
2019-02-14,41.90037308731405
2019-02-15,42.11803334580609
2019-02-16,41.528845021776256
2019-02-17,41.563395445104355
2019-02-18,41.39483320515297
2019-02-19,41.66232872805633
2019-02-20,41.642857559067735
2019-02-21,42.10104270231804
2019-02-22,41.85308395149632
2019-02-23,42.09145506556912
2019-02-24,42.41920892182357
2019-02-25,42.64977737395232
2019-02-26,42.55851192839611
2019-02-27,43.03050205349743
2019-02-28,43.312733317417695
2019-03-01,43.39076388152037
2019-03-02,43.42424589981944
2019-03-03,43.44558997796819
2019-03-04,43.42174475137007
2019-03-05,43.57818122964806
2019-03-06,43.6511543347401
2019-03-07,43.7729331419603
2019-03-08,43.62077992431493
2019-03-09,43.53945795893485
2019-03-10,43.54671915034982
2019-03-11,43.52619114813344
2019-03-12,43.58391179181506
2019-03-13,44.26037673346674
2019-03-14,44.441905300779666
2019-03-15,45.08219733858946
2019-03-16,45.800629235850856
2019-03-17,44.830447593754684
2019-03-18,45.08493704496259
2019-03-19,45.74033069247181
2019-03-20,45.59862369234582
2019-03-21,46.24302600490226
2019-03-22,46.78586071263625
2019-03-23,46.82340728151678
2019-03-24,47.013748675268104
2019-03-25,47.17167823525517
2019-03-26,47.136654824426046
2019-03-27,46.81959752310293
2019-03-28,47.09663765461596
2019-03-29,46.92550565679708
2019-03-30,47.14875264774726
2019-03-31,47.288075761698195
2019-04-01,47.26750942045241
2019-04-02,47.765851483951735
2019-04-03,47.79388247674842
2019-04-04,48.03320094485674
2019-04-05,48.39355771844735
2019-04-06,48.442178433915444
2019-04-07,48.19735354498557
2019-04-08,48.741722502522855
2019-04-09,49.0118009813805
2019-04-10,49.140517222781725
2019-04-11,49.59253589047612
2019-04-12,49.51603733520351
2019-04-13,49.730220850701535
2019-04-14,49.66807214929415
2019-04-15,49.95288193133651
2019-04-16,49.86431532267459
2019-04-17,50.07061951607837
2019-04-18,50.49042155955601
2019-04-19,50.725476014857044
2019-04-20,50.470365826218135
2019-04-21,50.66978920309899
2019-04-22,50.68510600620486
2019-04-23,51.34505717860522
2019-04-24,51.451292299642475
2019-04-25,51.37054057002907
2019-04-26,51.23128046293848
2019-04-27,51.21920080656115
2019-04-28,51.63978287334048
2019-04-29,51.899828036480955
2019-04-30,51.792854749132175
2019-05-01,51.22927342142776
2019-05-02,52.201196837989976
2019-05-03,52.135585075869784
2019-05-04,52.43179866414123
2019-05-05,51.99598159455007
2019-05-06,52.29247543901482
2019-05-07,52.53054293101319
2019-05-08,52.3359812705942
2019-05-09,52.02299143200445
2019-05-10,52.044280450272375
2019-05-11,51.426519926617544
2019-05-12,51.88009961086637
2019-05-13,51.61109719691536
2019-05-14,50.62859588836299
2019-05-15,50.26754612093437
2019-05-16,50.42094159390956
2019-05-17,49.94839197126775
2019-05-18,49.68548189908603
2019-05-19,49.449042183162376
2019-05-20,49.6427109103237
2019-05-21,48.60677607355732
2019-05-22,48.286522704168426
2019-05-23,48.15917353344981
2019-05-24,47.40154691477074
2019-05-25,46.887641385599764
2019-05-26,47.70453857702978
2019-05-27,47.37648517534557
2019-05-28,47.35173409564632
2019-05-29,47.05470993629031
2019-05-30,46.096888848922134
2019-05-31,45.706480716876854
2019-06-01,45.66084188532407
2019-06-02,45.33113630982557
2019-06-03,45.950690600727064
2019-06-04,44.79430519832858
2019-06-05,46.084774745289884
2019-06-06,45.636176080783734
2019-06-07,45.955028989134696
2019-06-08,46.619841035392646
2019-06-09,45.847121534404764
2019-06-10,45.91181842256576
2019-06-11,46.9806822698048
2019-06-12,48.62890849492131
2019-06-13,48.23389803542194
2019-06-14,48.632261323064455
2019-06-15,48.606028398660726
2019-06-16,48.51496870678158
2019-06-17,48.329901115579055
2019-06-18,48.34145573298608
2019-06-19,48.6626009266113
2019-06-20,49.07184527166303
2019-06-21,49.524649782090066
2019-06-22,49.46866308308951
2019-06-23,49.64693075996683
2019-06-24,49.427331773696054
2019-06-25,49.6170644660213
2019-06-26,49.46756034968279
2019-06-27,49.80474623839882
2019-06-28,49.56845928110143
2019-06-29,49.35386980971522
2019-06-30,49.831241411831265
2019-07-01,49.83475707484148
2019-07-02,50.159537313459076
2019-07-03,50.45450346775526
2019-07-04,51.01918709120228
2019-07-05,50.39662495144542
2019-07-06,50.713984992076995
2019-07-07,50.58694466787625
2019-07-08,50.10780331252104
2019-07-09,50.37168143915199
2019-07-10,49.77449120505969
2019-07-11,49.668669806871904
2019-07-12,49.925005909540445
2019-07-13,50.164603764246195
2019-07-14,50.4948842820554
2019-07-15,50.803442253618954
2019-07-16,50.166957508925066
2019-07-17,50.362322924816006
2019-07-18,50.29734728683869
2019-07-19,50.1597512222292
2019-07-20,50.822741733961415
2019-07-21,50.73920914600993
2019-07-22,50.727039357432055
2019-07-23,50.35547381806794
2019-07-24,50.67218060929619
2019-07-25,51.48577631190107
2019-07-26,51.81281193271411
2019-07-27,51.93113356188412
2019-07-28,51.848836249876506
2019-07-29,51.58108531434509
2019-07-30,52.149624751230895
2019-07-31,52.26234151134668
2019-08-01,52.32300984815984
2019-08-02,52.714959974735514
2019-08-03,51.62301418917114
2019-08-04,51.93805730852833
2019-08-05,52.35178003353437
2019-08-06,51.66551618696856
2019-08-07,50.538485637081344
2019-08-08,50.74409257497668
2019-08-09,50.84609122636961
2019-08-10,50.38224852701916
2019-08-11,50.36015091103769
2019-08-12,49.866719264503786
2019-08-13,49.90898976755299
2019-08-14,51.17957337691198
2019-08-15,50.80246110006066
2019-08-16,50.748457413990714
2019-08-17,51.07549904525223
2019-08-18,51.40724759798069
2019-08-19,51.38243998346308
2019-08-20,52.258087815714504
2019-08-21,51.67218743199385
2019-08-22,53.103230375848774
2019-08-23,53.13946345175544
2019-08-24,52.67792053536211
2019-08-25,53.266622605165395
2019-08-26,52.53721020801017
2019-08-27,52.2050453407472
2019-08-28,52.01719670037129
2019-08-29,51.721597605164874
2019-08-30,52.10790985196332
2019-08-31,52.1898846741756
2019-09-01,51.94810919655606
2019-09-02,51.85427596080892
2019-09-03,52.22669376731199
2019-09-04,51.88901353307879
2019-09-05,52.154126023475634
2019-09-06,52.95939039196316
2019-09-07,53.044614523821764
2019-09-08,52.62878599419794
2019-09-09,52.91080121636938
2019-09-10,53.28029110672353
2019-09-11,53.61232331172558
2019-09-12,53.986328120420055
2019-09-13,54.26953983293021
2019-09-14,54.11050373465232
2019-09-15,54.28457697016085
2019-09-16,54.10224860161041
2019-09-17,54.67744475111531
2019-09-18,54.68230849257811
2019-09-19,55.265136315025714
2019-09-20,55.02116964707593
2019-09-21,54.27997397532214
2019-09-22,54.82026495449557
2019-09-23,54.992347956862616
2019-09-24,53.98668308207955
2019-09-25,53.7009969677583
2019-09-26,54.60164085842667
2019-09-27,54.403823895676936
2019-09-28,54.452453047694796
2019-09-29,54.4919504215383
2019-09-30,54.23708177716794
2019-10-01,55.23850523012135
2019-10-02,54.86829911976028
2019-10-03,54.66528837834119
2019-10-04,55.18209899443112
2019-10-05,55.523115184552736
2019-10-06,55.32781074395328
2019-10-07,56.14606928857789
2019-10-08,56.469178454571534
2019-10-09,56.10821550347294
2019-10-10,56.445602482554825
2019-10-11,56.081108259538524
2019-10-12,56.81094624213217
2019-10-13,56.93028173519721
2019-10-14,57.25519351392046
2019-10-15,57.07592154688865
2019-10-16,57.05675100255885
2019-10-17,57.800357954898566
2019-10-18,57.99862726184286
2019-10-19,58.017889198974856
2019-10-20,58.379283624036745
2019-10-21,58.57130291059283
2019-10-22,58.85593272123532
2019-10-23,59.3778886393519
2019-10-24,60.100093623978466
2019-10-25,60.34502738163762
2019-10-26,60.92495705238666
2019-10-27,61.00588777192786
2019-10-28,61.07981759848294
2019-10-29,61.246570327830185
2019-10-30,60.86029525668961
2019-10-31,61.411411180804485
2019-11-01,61.72425505821386
2019-11-02,61.87416243211894
2019-11-03,61.99620019546658
2019-11-04,62.92458854431218
2019-11-05,62.443932695177914
2019-11-06,62.80118787558154
2019-11-07,63.74291444213718
2019-11-08,64.50550025771899
2019-11-09,63.9672959266062
2019-11-10,63.90386152963902
2019-11-11,64.73079612787973
2019-11-12,64.88513659449629
2019-11-13,64.91823913788664
2019-11-14,65.65111368581195
2019-11-15,65.70305962565278
2019-11-16,65.9352174537031
2019-11-17,65.98901936255558
2019-11-18,66.27192818341175
2019-11-19,66.53136339633805
2019-11-20,66.50474544987938
2019-11-21,66.2680285092194
2019-11-22,65.9746741195758
2019-11-23,65.54782224171247
2019-11-24,65.94406255965819
2019-11-25,66.0323167409258
2019-11-26,66.47444063545139
2019-11-27,66.183478825201
2019-11-28,66.55853326835557
2019-11-29,66.41535533746715
2019-11-30,66.68497725573643
2019-12-01,66.6770267016976
2019-12-02,66.54190141955894
2019-12-03,66.37440710835888
2019-12-04,66.5177036305143
2019-12-05,66.13946086479102
2019-12-06,66.11951289094453
2019-12-07,67.25547628851747
2019-12-08,67.03874159594253
2019-12-09,67.1201531752077
2019-12-10,67.04082556293056
2019-12-11,67.26990846724922
2019-12-12,67.83842908822696
2019-12-13,67.6926751045547
2019-12-14,68.046093812931
2019-12-15,68.01649369494312
2019-12-16,68.48334643610525
2019-12-17,68.67014081683132
2019-12-18,69.01075751971233
2019-12-19,69.80177166942029
2019-12-20,70.39500282266863
2019-12-21,69.86916676004262
2019-12-22,69.8748200959674
2019-12-23,70.63293266725321
2019-12-24,70.78408043449501
2019-12-25,71.23515917557157
2019-12-26,71.3174967620687
2019-12-27,72.22716576877505
2019-12-28,71.79740504076005
2019-12-29,71.76724458722704
2019-12-30,72.81136835332472
2019-12-31,72.39930631582662
2020-01-01,72.34533159171883
2020-01-02,73.03168428174399
2020-01-03,74.38906137558423
2020-01-04,73.0946315644589
2020-01-05,73.55112476708587
2020-01-06,74.81061894114676
2020-01-07,75.2442613208981
2020-01-08,74.55113673808198
2020-01-09,75.96108128563885
2020-01-10,75.93906521726277
2020-01-11,75.49942051495177
2020-01-12,75.94565572264702
2020-01-13,76.9596659354212
2020-01-14,77.4501641701042
2020-01-15,77.09123047773679
2020-01-16,77.74389625725154
2020-01-17,78.38535605289997
2020-01-18,78.117849771633
2020-01-19,78.24922806476536
2020-01-20,79.31703906961226
2020-01-21,79.2695358617235
2020-01-22,78.99321891609466
2020-01-23,79.2676566638954
2020-01-24,79.35407041579522
2020-01-25,79.15172140836034
2020-01-26,79.45343725193592
2020-01-27,80.11081591857062
2020-01-28,78.78991894195097
2020-01-29,78.66038659996454
2020-01-30,79.71830044979079
2020-01-31,78.85645529452862
2020-02-01,79.34833352928196
2020-02-02,79.82334345496676
2020-02-03,79.38442008247262
2020-02-04,79.03805374066407
2020-02-05,79.95194024015272
2020-02-06,79.68427391158981
2020-02-07,79.66857679539966
2020-02-08,80.36556261741242
2020-02-09,79.7845029556472
2020-02-10,79.8331151652781
2020-02-11,79.83485589819338
2020-02-12,80.27918671968935
2020-02-13,81.23983623355788
2020-02-14,80.54768686911264
2020-02-15,81.1088325135076
2020-02-16,81.4742194770642
2020-02-17,81.49711767898373
2020-02-18,81.36448876778984
2020-02-19,82.60553015244832
2020-02-20,81.86740937088352
2020-02-21,81.75502964105873
2020-02-22,81.60616863601415
2020-02-23,81.50776386212438
2020-02-24,81.23092213714622
2020-02-25,80.214796989912
2020-02-26,78.99946666138086
2020-02-27,76.56296668372275
2020-02-28,74.5685847640199
2020-02-29,71.90484749414611
2020-03-01,73.69107506116958
2020-03-02,74.38296994249194
2020-03-03,74.90380862292949
2020-03-04,74.55490294711169
2020-03-05,75.98327396170043
2020-03-06,75.77336864290261
2020-03-07,74.83770635050723
2020-03-08,73.56661190104552
2020-03-09,74.45798678463053
2020-03-10,70.69522647773815
2020-03-11,71.64011434765494
2020-03-12,71.42517208292305
2020-03-13,70.08050756595148
2020-03-14,69.69660684955467
2020-03-15,70.76485959005278
2020-03-16,70.18433320662558
2020-03-17,69.07241802321295
2020-03-18,67.95927582543008
2020-03-19,64.5269708957436
2020-03-20,62.964464634135766
2020-03-21,61.81638985349874
2020-03-22,60.95912706691268
2020-03-23,62.492558301442415
2020-03-24,60.51078374866811
2020-03-25,62.708044101346246
2020-03-26,61.72719670940967
2020-03-27,59.970555353273966
2020-03-28,62.3741588048002
2020-03-29,61.69882051129884
2020-03-30,62.41108760212235
2020-03-31,62.351466654833835
2020-04-01,61.99712290782499
2020-04-02,60.88089415085739
2020-04-03,63.07813019111986
2020-04-04,62.45139836739828
2020-04-05,61.12645108739002
2020-04-06,62.278406490451474
2020-04-07,64.6917042533958
2020-04-08,64.13628431175097
2020-04-09,65.32748811419766
2020-04-10,65.83716269889351
2020-04-11,64.36823704130605
2020-04-12,63.38774437699464
2020-04-13,64.52073634981474
2020-04-14,65.40336005518222
2020-04-15,66.17753772474164
2020-04-16,65.89686632506324
2020-04-17,68.78785288613138
2020-04-18,68.59591477698994
2020-04-19,67.96682962650341
2020-04-20,69.32898362476752
2020-04-21,67.65037409185483
2020-04-22,66.28736332469619
2020-04-23,66.90873872758723
2020-04-24,67.86866849477019
2020-04-25,68.2665252759976
2020-04-26,68.03440652748672
2020-04-27,66.27860925474148
2020-04-28,68.00207489825542
2020-04-29,66.82077193649339
2020-04-30,67.72902799512704
2020-05-01,68.53925587554862
2020-05-02,68.00873890328783
2020-05-03,67.82969779063978
2020-05-04,68.57091982106182
2020-05-05,68.59091370382633
2020-05-06,69.37207075577504
2020-05-07,70.81259901366997
2020-05-08,71.97169567001099
2020-05-09,75.49745290490779
2020-05-10,73.35460395313858
2020-05-11,73.97726668868128
2020-05-12,76.04065826441276
2020-05-13,75.58560533743547
2020-05-14,75.75722419411571
2020-05-15,76.71927737589444
2020-05-16,76.94580242068815
2020-05-17,76.51841804780126
2020-05-18,76.99091923537132
2020-05-19,76.74528895424717
2020-05-20,77.09012396523394
2020-05-21,77.70289872135933
2020-05-22,78.30115853430776
2020-05-23,78.66597547009854
2020-05-24,77.84969877878582
2020-05-25,78.49748960572207
2020-05-26,77.50165637685926
2020-05-27,77.67799845870248
2020-05-28,78.92698449344388
2020-05-29,79.4514436765234
2020-05-30,78.5496350777039
2020-05-31,79.55061115424246
2020-06-01,79.6749502291764
2020-06-02,79.76375610515636
2020-06-03,80.07197813680983
2020-06-04,80.95738458326927
2020-06-05,81.1477538656676
2020-06-06,81.43630319607281
2020-06-07,81.21763595575516
2020-06-08,81.31882347556208
2020-06-09,81.83724186276734
2020-06-10,82.52787150182004
2020-06-11,85.87323075538221
2020-06-12,84.18777224275627
2020-06-13,85.01168286754866
2020-06-14,85.40678175559796
2020-06-15,85.43813131486456
2020-06-16,86.26275853224037
2020-06-17,86.79651365681855
2020-06-18,86.80065406744609
2020-06-19,87.48707005204139
2020-06-20,87.46534254836695
2020-06-21,87.15100851390193
2020-06-22,88.36901850380907
2020-06-23,89.20436364029071
2020-06-24,89.49599802141186
2020-06-25,89.49479378113513
2020-06-26,90.14335616143266
2020-06-27,89.2799420656488
2020-06-28,89.92684478243265
2020-06-29,90.94780495749335
2020-06-30,90.78014907907708
2020-07-01,91.62059653714407
2020-07-02,91.14000200842759
2020-07-03,90.7758472528835
2020-07-04,91.21923572654788
2020-07-05,91.52418139012289
2020-07-06,92.22657489621008
2020-07-07,93.3863501323897
2020-07-08,93.35240599761093
2020-07-09,93.36434802660881
2020-07-10,93.84541205246187
2020-07-11,94.45324036417641
2020-07-12,94.08455385594579
2020-07-13,95.53117879459921
2020-07-14,95.79214810755028
2020-07-15,96.35718792576147
2020-07-16,96.54508106140752
2020-07-17,96.33714084941519
2020-07-18,96.56793090326622
2020-07-19,96.71010979159239
2020-07-20,96.91317043795814
2020-07-21,97.92307926667294
2020-07-22,97.61048817255433
2020-07-23,97.53853985782125
2020-07-24,96.75545157062452
2020-07-25,95.9159065653604
2020-07-26,97.8074438073294
2020-07-27,97.10486321288441
2020-07-28,97.14100431950483
2020-07-29,96.35840403983691
2020-07-30,96.67487896804646
2020-07-31,96.70805664772554
2020-08-01,101.04447094751343
2020-08-02,98.63628711179513
2020-08-03,98.3938139763589
2020-08-04,102.03809684314699
2020-08-05,102.54995578493114
2020-08-06,104.98792575867343
2020-08-07,106.18456036208137
2020-08-08,107.15646496026098
2020-08-09,107.19036745244769
2020-08-10,106.9522035314202
2020-08-11,106.7270506886253
2020-08-12,107.4526195639605
2020-08-13,109.57332709694926
2020-08-14,109.34056767023813
2020-08-15,111.8027384679516
2020-08-16,112.0719063766954
2020-08-17,112.74214247214587
2020-08-18,113.44338564549457
2020-08-19,112.88967713969856
2020-08-20,113.90001821614443
2020-08-21,114.89610540658946
2020-08-22,117.54017577428313
2020-08-23,116.47032116304787
2020-08-24,118.340275741641
2020-08-25,120.3872351173737
2020-08-26,119.67092459032729
2020-08-27,124.20584537828947
2020-08-28,124.26177800749738
2020-08-29,123.23994556402559
2020-08-30,123.55396114653666
2020-08-31,125.47967720376354
2020-09-01,125.9437383893204
2020-09-02,127.48115270138685
2020-09-03,128.6536803592533
2020-09-04,123.95634751336219
2020-09-05,123.65601455448281
2020-09-06,126.73338090199681
2020-09-07,128.43879419306757
2020-09-08,127.68200395586798
2020-09-09,123.97798237740076
2020-09-10,122.87048258969062
2020-09-11,122.94792084898556
2020-09-12,120.88753640560387
2020-09-13,120.03923307833601
2020-09-14,119.94055588213367
2020-09-15,119.26674147104472
2020-09-16,119.1784740077012
2020-09-17,119.11761560713487
2020-09-18,118.56402635288629
2020-09-19,114.32020968383144
2020-09-20,117.435814896042
2020-09-21,117.25110444991962
2020-09-22,114.85428051634166
2020-09-23,117.27418203450088
2020-09-24,115.2654220039374
2020-09-25,113.28139751905032
2020-09-26,117.61032847484452
2020-09-27,117.16080396785298
2020-09-28,113.79681870862497
2020-09-29,116.85822705165117
2020-09-30,117.86707603581127
2020-10-01,119.10269544324164
2020-10-02,119.13090000131344
2020-10-03,119.29982500807724
2020-10-04,119.54310429869226
2020-10-05,117.30838027958593
2020-10-06,118.86260165643158
2020-10-07,116.73134786048239
2020-10-08,116.97884108119061
2020-10-09,118.11811597590462
2020-10-10,118.3403083078023
2020-10-11,115.52296382615484
2020-10-12,115.45708615484193
2020-10-13,119.04813900996672
2020-10-14,119.97716274001915
2020-10-15,121.55753668638012
2020-10-16,119.85561813083868
2020-10-17,118.5881754734169
2020-10-18,119.76674947213303
2020-10-19,119.44074876200294
2020-10-20,118.07870041032511
2020-10-21,118.74388239333352
2020-10-22,118.20223716674062
2020-10-23,118.30536056094854
2020-10-24,117.20297391707282
2020-10-25,118.7708433131665
2020-10-26,117.8479022375969
2020-10-27,118.26448670872111
2020-10-28,117.95880372708498
2020-10-29,116.07211135380534
2020-10-30,116.61601367913366
2020-10-31,113.67474131522383
2020-11-01,115.27817445805046
2020-11-02,113.98814568522371
2020-11-03,113.74978228696412
2020-11-04,112.20912318849321
2020-11-05,111.2870530285265
2020-11-06,114.95432462965573
2020-11-07,115.74044118733448
2020-11-08,114.5492720208878
2020-11-09,113.74511794057189
2020-11-10,113.36242448093421
2020-11-11,113.95832333580347
2020-11-12,115.70208555547943
2020-11-13,116.06993931737115
2020-11-14,117.24187696923897
2020-11-15,116.5274983865063
2020-11-16,117.46743035716054
2020-11-17,118.59116799357174
2020-11-18,118.35998506304158
2020-11-19,116.38294571448262
2020-11-20,117.84144052241787
2020-11-21,116.7042366029723
2020-11-22,116.94740914936996
2020-11-23,114.9836688097849
2020-11-24,114.26139700352547
2020-11-25,113.5747107570344
2020-11-26,114.79725325713329
2020-11-27,115.01121657633396
2020-11-28,115.83465165790624
2020-11-29,115.26963392145119
2020-11-30,114.69051675878411
2020-12-01,117.23182505067207
2020-12-02,117.30864593624656
2020-12-03,119.29243577158837
2020-12-04,119.49052923416487
2020-12-05,121.0222204046507
2020-12-06,120.22959968326417
2020-12-07,120.51316619636377
2020-12-08,120.84621884376345
2020-12-09,121.41801842198362
2020-12-10,120.4339974036382
2020-12-11,121.73157873785493
2020-12-12,121.72663078032126
2020-12-13,122.37358690167024
2020-12-14,122.48981611049398
2020-12-15,121.53546988093147
2020-12-16,126.10563800559895
2020-12-17,125.42806222047463
2020-12-18,126.64847653772853
2020-12-19,125.72777000823002
2020-12-20,126.47758072992278
2020-12-21,126.82376536075014
2020-12-22,125.3783894881024
2020-12-23,127.18783544014896
2020-12-24,128.40645366544803
2020-12-25,129.19727948594513
2020-12-26,129.19675561832207
2020-12-27,129.95074016367144
2020-12-28,130.14290644314502
2020-12-29,132.3667418981453
2020-12-30,132.50489521236227
2020-12-31,132.29404926432818
2021-01-01,132.2734524541852
2021-01-02,131.31022480245522
2021-01-03,132.5967418425413
2021-01-04,133.5362529230229
2021-01-05,130.85860228893648
2021-01-06,130.69512633366193
2021-01-07,128.22189203877923
2021-01-08,130.9368326034169
2021-01-09,131.5789408488342
2021-01-10,129.17105082937306
2021-01-11,128.50708443910898
2021-01-12,126.91834294428023
2021-01-13,127.60521335136139
2021-01-14,128.30796807809952
2021-01-15,128.8115608693301
2021-01-16,128.00492848634093
2021-01-17,127.70196609743186
2021-01-18,130.0591392027102
2021-01-19,130.52006499875677
2021-01-20,130.05419631560378
2021-01-21,130.41059397816335
2021-01-22,132.57847304253414
2021-01-23,135.58945365830385
2021-01-24,133.72266515383066
2021-01-25,133.59506177539072
2021-01-26,136.97755100593074
2021-01-27,137.79246970413877
2021-01-28,138.3634837251726
2021-01-29,138.58984591150278
2021-01-30,137.1039593505898
2021-01-31,140.1165618713327
2021-02-01,141.22662213892784
2021-02-02,136.91374498290182
2021-02-03,138.106465900355
2021-02-04,137.5136127651997
2021-02-05,137.83800911652665
2021-02-06,138.4874019383989
2021-02-07,137.20806698313257
2021-02-08,137.0677276862193
2021-02-09,137.9907999281023
2021-02-10,138.46111714479068
2021-02-11,136.70442688230847
2021-02-12,136.13789761878135
2021-02-13,138.04809747782835
2021-02-14,139.06862890638374
2021-02-15,137.34964487962952
2021-02-16,137.27246913717258
2021-02-17,139.25786875036385
2021-02-18,139.30416857956362
2021-02-19,138.57277293641414
2021-02-20,135.98164160874197
2021-02-21,135.77269188106678
2021-02-22,136.31240782619332
2021-02-23,132.1786066071764
2021-02-24,131.28192243514155
2021-02-25,129.22095568429322
2021-02-26,125.7064038905378
2021-02-27,126.37111821605625
2021-02-28,127.19685163937439
2021-03-01,125.0135793160451
2021-03-02,128.57604748660864
2021-03-03,127.83292206314852
2021-03-04,126.15951612175674
2021-03-05,124.82390725209049
2021-03-06,125.15395635963539
2021-03-07,124.53776881346742
2021-03-08,125.69885368895196
2021-03-09,120.75753729764381
2021-03-10,123.92631956080716
2021-03-11,123.40404601779136
2021-03-12,122.22956254832391
2021-03-13,122.39514775798547
2021-03-14,121.7533384717486
2021-03-15,120.37431559892329
2021-03-16,122.51832533687946
2021-03-17,124.16583731219046
2021-03-18,124.42111868320316
2021-03-19,122.53575366245808
2021-03-20,121.49382297092146
2021-03-21,123.18501254719236
2021-03-22,122.60996541295944
2021-03-23,122.96303704535504
2021-03-24,123.22181257037742
2021-03-25,121.66125681565633
2021-03-26,121.3019173938277
2021-03-27,122.2813834405782
2021-03-28,120.85699030887285
2021-03-29,120.13591278999597
2021-03-30,121.86669797992376
2021-03-31,119.99173708671728
2021-04-01,122.11094021316318
2021-04-02,123.49618456206846
2021-04-03,121.91775944479986
2021-04-04,121.6522564156192
2021-04-05,121.63736115403255
2021-04-06,123.11235901503682
2021-04-07,123.8408029316202
2021-04-08,125.60517440313052
2021-04-09,128.5550371723003
2021-04-10,129.6532167234133
2021-04-11,127.90313136883574
2021-04-12,128.12556773061078
2021-04-13,129.19188800707707
2021-04-14,130.22455109044685
2021-04-15,129.30851264458101
2021-04-16,130.34777173016766
2021-04-17,131.68360894416617
2021-04-18,130.6881367410614
2021-04-19,130.48584501869112
2021-04-20,130.6556200603908
2021-04-21,131.27190084782958
2021-04-22,131.49367178256637
2021-04-23,130.3750501751752
2021-04-24,131.2404053708222
2021-04-25,131.43194894570817
2021-04-26,131.52249070944555
2021-04-27,131.93829209608234
2021-04-28,131.88989021361644
2021-04-29,131.8956660303026
2021-04-30,132.40096355749603
2021-05-01,129.90564930450128
2021-05-02,130.93783872171133
2021-05-03,131.57536047130736
2021-05-04,131.81264154123906
2021-05-05,129.65349777611567
2021-05-06,127.70424707094314
2021-05-07,128.67846509812713
2021-05-08,128.62124170127632
2021-05-09,129.6692441740583
2021-05-10,130.09008185526244
2021-05-11,128.0337179714197
2021-05-12,126.27427602853743
2021-05-13,123.17574668991907
2021-05-14,123.79671027511412
2021-05-15,126.68221503972539
2021-05-16,126.78649324519147
2021-05-17,124.17062589643287
2021-05-18,124.43277005988854
2021-05-19,123.89000994498244
2021-05-20,124.08754445133604
2021-05-21,125.77457080808728
2021-05-22,124.8950649539412
2021-05-23,125.29123743901754
2021-05-24,125.44245028263157
2021-05-25,126.19546475243435
2021-05-26,126.43633994761588
2021-05-27,125.83849710446349
2021-05-28,126.38823201182413
2021-05-29,126.82716588254128
2021-05-30,127.04756651056591
2021-05-31,127.04929555451409
2021-06-01,126.82752280716119
2021-06-02,126.21286366059022
2021-06-03,126.59945337456335
2021-06-04,125.96774663313893
2021-06-05,126.25497146951872
2021-06-06,125.4852685059973
2021-06-07,125.09106769229643
2021-06-08,125.6121508937779
2021-06-09,127.55784194188986
2021-06-10,127.01819915781991
2021-06-11,126.66304774120455
2021-06-12,127.07557528268364
2021-06-13,127.12290495359063
2021-06-14,126.46141163252166
2021-06-15,129.68264637677504
2021-06-16,130.60804187938217
2021-06-17,132.03455724260812
2021-06-18,133.23264112441552
2021-06-19,131.7659787055682
2021-06-20,130.219868662455
2021-06-21,130.56520543905467
2021-06-22,132.84694288950638
2021-06-23,133.69216375769483
2021-06-24,133.9997708924148
2021-06-25,134.4389128388856
2021-06-26,134.1832563589384
2021-06-27,133.5350194388928
2021-06-28,133.35913623458853
2021-06-29,134.40918008821873
2021-06-30,135.55682859178205
2021-07-01,136.00534860708655
2021-07-02,136.79121410288698
2021-07-03,138.2711318052675
2021-07-04,137.1287526805023
2021-07-05,136.85346776603674
2021-07-06,137.41205920679522
2021-07-07,138.10481319878545
2021-07-08,139.71907235252309
2021-07-09,139.62695572799936
2021-07-10,141.96949166343194
2021-07-11,141.70218071185343
2021-07-12,141.378864300833
2021-07-13,142.3611186606935
2021-07-14,142.80887700428406
2021-07-15,145.39581717515034
2021-07-16,146.66191835396592
2021-07-17,144.66233575807559
2021-07-18,146.1954526802343
2021-07-19,146.0346866672033
2021-07-20,143.25964354764488
2021-07-21,145.07587630955746
2021-07-22,145.180400197413
2021-07-23,144.72003296561982
2021-07-24,145.08763825301625
2021-07-25,145.51398572785126
2021-07-26,145.49635355179612
2021-07-27,147.66031446456833
2021-07-28,146.99517995468176
2021-07-29,146.25382978054594
2021-07-30,145.86841421554462
2021-07-31,146.7351271798063
2021-08-01,146.55980726341713
2021-08-02,146.682990847768
2021-08-03,146.35385022077065
2021-08-04,147.12073539863178
2021-08-05,147.05384263972363
2021-08-06,147.37537203863664
2021-08-07,146.68124302256822
2021-08-08,146.93358934449057
2021-08-09,146.91094199077733
2021-08-10,146.20928652133074
2021-08-11,145.61165586546466
2021-08-12,145.71762272048952
2021-08-13,146.85753722295752
2021-08-14,147.5351128324011
2021-08-15,147.020406031927
2021-08-16,147.82990881000865
2021-08-17,149.6829356115466
2021-08-18,149.52615676161153
2021-08-19,149.81971292288483
2021-08-20,150.6630175251592
2021-08-21,150.5643711893444
2021-08-22,150.37533090729195
2021-08-23,151.63059993173047
2021-08-24,151.12420382611322
2021-08-25,150.92813879385784
2021-08-26,150.8319390628747
2021-08-27,150.955736723854
2021-08-28,150.48075532483506
2021-08-29,151.65107524763053
2021-08-30,150.86109405210743
2021-08-31,153.33380523919325
2021-09-01,151.99085123046308
2021-09-02,152.31120501232795
2021-09-03,152.99018689906475
2021-09-04,153.11858958544417
2021-09-05,153.55142699347738
2021-09-06,154.9483788347431
2021-09-07,154.7359500535501
2021-09-08,155.84317460203337
2021-09-09,155.48419202882215
2021-09-10,156.749824502512
2021-09-11,153.98877394963137
2021-09-12,155.66701913761477
2021-09-13,155.30097843756988
2021-09-14,156.55205727441518
2021-09-15,154.90074894743543
2021-09-16,153.26566450915558
2021-09-17,152.3024341421726
2021-09-18,151.27321842815985
2021-09-19,151.86849048632084
2021-09-20,151.1452973910467
2021-09-21,149.402318142762
2021-09-22,148.80961938373142
2021-09-23,148.2634626178336
2021-09-24,148.05981170010594
2021-09-25,148.08140523422324
2021-09-26,147.8513094394888
2021-09-27,148.31980147281126
2021-09-28,148.28938048071942
2021-09-29,146.1241193364381
2021-09-30,145.94334113309904
2021-10-01,145.45274746447615
2021-10-02,144.78071383307494
2021-10-03,144.37397437311805
2021-10-04,144.67332343185114
2021-10-05,142.82075816469384
2021-10-06,143.37440313921311
2021-10-07,143.47927386564115
2021-10-08,142.67768127690104
2021-10-09,142.97196271011268
2021-10-10,143.49343574314392
2021-10-11,142.31059015807588
2021-10-12,142.90831036557725
2021-10-13,142.71870037856027
2021-10-14,141.7184767052292
2021-10-15,143.38114877635175
2021-10-16,143.69805795519042
2021-10-17,142.6917839191192
2021-10-18,143.19391058562064
2021-10-19,145.67624689269672
2021-10-20,146.65405954299246
2021-10-21,147.06327491851144
2021-10-22,149.0702070061066
2021-10-23,148.80773867608286
2021-10-24,147.90884023165674
2021-10-25,148.2507164583367
2021-10-26,148.18892709294843
2021-10-27,148.78291519943028
2021-10-28,148.95058677757154
2021-10-29,150.86918088658325
2021-10-30,149.58301644034532
2021-10-31,149.49616531404925
2021-11-01,149.60784533156516
2021-11-02,149.25798576255403
2021-11-03,150.0668838924361
2021-11-04,150.81398259189893
2021-11-05,150.5154927075006
2021-11-06,150.8964005690285
2021-11-07,150.43477742519008
2021-11-08,149.9476433447705
2021-11-09,150.64388679188622
2021-11-10,150.27852650001333
2021-11-11,148.3725883520578
2021-11-12,148.36228382432577
2021-11-13,149.29263931001492
2021-11-14,148.802311674155
2021-11-15,148.86293644067345
2021-11-16,148.78004984111737
2021-11-17,149.66957011234663
2021-11-18,151.45426889114495
2021-11-19,154.92224999467282
2021-11-20,157.7132394422114
2021-11-21,154.2242467468713
2021-11-22,155.41387444183624
2021-11-23,156.87165213625786
2021-11-24,155.44395388372124
2021-11-25,155.99236991393497
2021-11-26,155.89986792211903
2021-11-27,156.72064622230724
2021-11-28,157.65209597301697
2021-11-29,157.9033659236186
2021-11-30,157.303476946495
2021-12-01,160.56444402747653
2021-12-02,160.9283299880157
2021-12-03,162.57041094301013
2021-12-04,161.32986588809473
2021-12-05,161.2802383985838
2021-12-06,161.68464397138735
2021-12-07,162.75341329574192
2021-12-08,168.0377724970238
2021-12-09,168.55622057829
2021-12-10,166.43528019857953
2021-12-11,173.42345756707965
2021-12-12,170.35469788617365
2021-12-13,172.45342943680805
2021-12-14,175.7356481362815
2021-12-15,173.60102158067315
2021-12-16,177.75861904039797
2021-12-17,176.00782838038663
2021-12-18,172.90309119117723
2021-12-19,175.771609221046
2021-12-20,175.39164390449795
2021-12-21,172.14377971756608
2021-12-22,173.22109524058428
2021-12-23,173.8952971440215
2021-12-24,175.00347091141737
2021-12-25,174.33700583853383
2021-12-26,174.21299586241554
2021-12-27,173.0722395985789
2021-12-28,177.26281750311747
2021-12-29,177.26362777817695
2021-12-30,178.2197102309036
2021-12-31,178.24035060669826
2022-01-01,178.45285799075768
2022-01-02,178.8392915681603
2022-01-03,179.4113244202199
2022-01-04,181.21358440489954
2022-01-05,180.54245734232887
2022-01-06,179.48720465012528
2022-01-07,177.66993957434
2022-01-08,176.65205202980235
2022-01-09,177.3688365579434
2022-01-10,177.57878762743783
2022-01-11,175.95386702383482
2022-01-12,178.12049747195152
2022-01-13,177.66436116339548
2022-01-14,177.53322798386057
2022-01-15,176.9645024640984
2022-01-16,177.2928227474747
2022-01-17,177.6965675271118
2022-01-18,177.96272992448544
2022-01-19,174.28804596524705
2022-01-20,172.38761894431195
2022-01-21,172.08761478516183
2022-01-22,169.8409386427511
2022-01-23,173.0916630808992
2022-01-24,170.57433865377823
2022-01-25,168.0953813806711
2022-01-26,169.1224095630689
2022-01-27,169.9791736525779
2022-01-28,166.71398114966817
2022-01-29,171.40103600145994
2022-01-30,165.16434379126306
2022-01-31,166.38450650308877
2022-02-01,173.2938057313851
2022-02-02,172.6406705187817
2022-02-03,176.514705829829
2022-02-04,174.2565810056374
2022-02-05,175.85710200312866
2022-02-06,175.0292247302544
2022-02-07,175.6426822515257
2022-02-08,174.29492269139908
2022-02-09,175.53150748284406
2022-02-10,176.32273949901196
2022-02-11,174.55980126244896
2022-02-12,172.84044337490104
2022-02-13,173.85934215075315
2022-02-14,175.86649637324388
2022-02-15,174.46094524994078
2022-02-16,175.40113559432737
2022-02-17,173.07368228424616
2022-02-18,173.89407226835613
2022-02-19,171.73743237774272
2022-02-20,169.57894372383714
2022-02-21,170.64001236892298
2022-02-22,170.40213462863272
2022-02-23,169.2178252310949
2022-02-24,167.08246088095305
2022-02-25,168.0073969441564
2022-02-26,165.5293758071618
2022-02-27,167.78157034684205
2022-02-28,166.508671394677
2022-03-01,166.5735567457632
2022-03-02,166.55583148792567
2022-03-03,166.6086363692674
2022-03-04,166.2385620201551
2022-03-05,165.36099309861018
2022-03-06,165.48088941373476
2022-03-07,166.05891955855816
2022-03-08,164.67237682993547
2022-03-09,162.52140362044517
2022-03-10,163.22494362028624
2022-03-11,161.4226823127968
2022-03-12,162.572626192129
2022-03-13,162.77016582582345
2022-03-14,160.08570929942042
2022-03-15,158.69444954556963
2022-03-16,155.13867031401983
2022-03-17,158.5947394688673
2022-03-18,160.87701449502254
2022-03-19,160.77158641882457
2022-03-20,160.41490936895525
2022-03-21,161.87246309182976
2022-03-22,162.8706683568254
2022-03-23,161.1218851799163
2022-03-24,164.86593998345057
2022-03-25,167.6334967208335
2022-03-26,166.92875136004403
2022-03-27,167.26644454246082
2022-03-28,167.61411392533205
2022-03-29,169.42338573695562
2022-03-30,170.9474816788159
2022-03-31,170.24329051565957
2022-04-01,169.92954007125985
2022-04-02,172.51390487942666
2022-04-03,171.91282140447152
2022-04-04,171.29819734994862
2022-04-05,174.92973873039188
2022-04-06,172.7260775019629
2022-04-07,170.64688504433013
2022-04-08,169.52076133837406
2022-04-09,168.5817654934474
2022-04-10,169.5635633890158
2022-04-11,169.41948686711265
2022-04-12,165.8595750960569
2022-04-13,167.1672397909675
2022-04-14,167.29482334443026
2022-04-15,164.22180134439964
2022-04-16,167.10166326488934
2022-04-17,167.12669554170137
2022-04-18,167.4022231630188
2022-04-19,164.97725608834696
2022-04-20,167.35034616088083
2022-04-21,166.651516424853
2022-04-22,166.57321287650754
2022-04-23,164.05339357781529
2022-04-24,164.54811332721093
2022-04-25,164.1991491555435
2022-04-26,162.89982286406786
2022-04-27,162.01550636052897
2022-04-28,160.97499127379737
2022-04-29,161.042185667312
2022-04-30,158.81389707103713
2022-05-01,160.448786435416
2022-05-02,158.93760560171046
2022-05-03,158.44226577236182
2022-05-04,160.20718511612043
2022-05-05,162.33680854304887
2022-05-06,158.1067861980034
2022-05-07,160.7760763783439
2022-05-08,157.18637483555503
2022-05-09,157.2171697253066
2022-05-10,154.98799908762788
2022-05-11,156.72959630625186
2022-05-12,152.3785874320808
2022-05-13,152.067822870142
2022-05-14,151.78313680546233
2022-05-15,149.85932714998964
2022-05-16,149.34339412595423
2022-05-17,150.71320876529103
2022-05-18,150.64380260627433
2022-05-19,150.85145951775513
2022-05-20,146.34414326492407
2022-05-21,146.99861909660984
2022-05-22,144.84314322018253
2022-05-23,144.5162849993959
2022-05-24,142.88996690476264
2022-05-25,143.5419203194238
2022-05-26,145.98117982293348
2022-05-27,142.91436310436828
2022-05-28,146.76715270208632
2022-05-29,143.66252879403635
2022-05-30,143.9248779104537
2022-05-31,144.3441726809388
2022-06-01,148.52373365643084
2022-06-02,151.84279893676745
2022-06-03,154.6578609682103
2022-06-04,150.57004121941117
2022-06-05,148.56311803447502
2022-06-06,149.33519510870443
2022-06-07,149.1043515729479
2022-06-08,150.29904485314123
2022-06-09,150.10242569482938
2022-06-10,146.74978236843538
2022-06-11,141.74336951447413
2022-06-12,143.32719355764735
2022-06-13,142.91793787007774
2022-06-14,137.96591986943503
2022-06-15,136.46151630166912
2022-06-16,136.4550892372332
2022-06-17,133.12848875570208
2022-06-18,132.35565533246407
2022-06-19,132.51959424226337
2022-06-20,131.80084054144373
2022-06-21,131.53870693713924
2022-06-22,130.7711359523281
2022-06-23,133.6447775489975
2022-06-24,134.9728792007725
2022-06-25,134.7941501792596
2022-06-26,134.2155430930649
2022-06-27,135.7191805980941
2022-06-28,133.4676265135314
2022-06-29,131.88903178162568
2022-06-30,134.7440565895908
2022-07-01,131.89190567317584
2022-07-02,129.4468974539139
2022-07-03,132.27216357330892
2022-07-04,132.42422408266268
2022-07-05,131.17794091659823
2022-07-06,132.91029897330853
2022-07-07,136.85006829867055
2022-07-08,137.72064818830054
2022-07-09,142.4407500598952
2022-07-10,140.68441742753967
2022-07-11,138.92250525328097
2022-07-12,140.7395026666262
2022-07-13,140.41063033581537
2022-07-14,140.52459860996132
2022-07-15,144.54808220934368
2022-07-16,144.80348316052505
2022-07-17,144.83718118138958
2022-07-18,146.02459453968947
2022-07-19,144.81033371473222
2022-07-20,146.68723474135422
2022-07-21,150.05618963295532
2022-07-22,151.40878692935647
2022-07-23,151.23433862608627
2022-07-24,149.41463358476932
2022-07-25,149.71101242416808
2022-07-26,150.64727093126405
2022-07-27,149.65291920555896
2022-07-28,152.37406403691136
2022-07-29,153.55840162190236
2022-07-30,158.52280586293347
2022-07-31,155.06396289012778
2022-08-01,154.44604319412454
2022-08-02,156.47493591376167
2022-08-03,158.0928761158994
2022-08-04,162.60754640882806
2022-08-05,163.04833374843497
2022-08-06,162.38125363752138
2022-08-07,163.36703250987105
2022-08-08,163.275518500572
2022-08-09,164.48005783702018
2022-08-10,164.3975242355153
2022-08-11,164.78582210529137
2022-08-12,165.67160527112506
2022-08-13,167.980873443642
2022-08-14,167.29708823961332
2022-08-15,166.94383173038082
2022-08-16,168.60427639426808
2022-08-17,170.60250143184783
2022-08-18,170.59548518250213
2022-08-19,170.86687636221316
2022-08-20,170.96998767749417
2022-08-21,168.171097593123
2022-08-22,172.30750242314215
2022-08-23,168.13529622183546
2022-08-24,167.1458552247843
2022-08-25,167.77338130911596
2022-08-26,166.69490768364068
2022-08-27,162.64744567915855
2022-08-28,168.01658020175037
2022-08-29,166.84676723877405
2022-08-30,162.9948314317199
2022-08-31,161.8163866053725
2022-09-01,161.38848774091326
2022-09-02,161.506949239475
2022-09-03,159.77991621788027
2022-09-04,160.7663980111068
2022-09-05,161.90772167563645
2022-09-06,161.42097988742404
2022-09-07,160.28776210822588
2022-09-08,159.8342288869516
2022-09-09,161.02196843518323
2022-09-10,159.92076389133993
2022-09-11,160.48550164471203
2022-09-12,159.9131481479919
2022-09-13,163.2429318586962
2022-09-14,161.3457890417875
2022-09-15,160.7145485200577
2022-09-16,159.42745366025846
2022-09-17,158.8077764090865
2022-09-18,158.74624826158194
2022-09-19,159.05320286152914
2022-09-20,157.6635889494902
2022-09-21,162.11173238554412
2022-09-22,157.90624499405033
2022-09-23,156.05697314411165
2022-09-24,155.87544388339575
2022-09-25,155.50193323911662
2022-09-26,155.15133315886933
2022-09-27,154.72571267813694
2022-09-28,154.0511469046636
2022-09-29,154.7134876662054
2022-09-30,150.9855966353284
2022-10-01,145.55480365638118
2022-10-02,145.9333848400606
2022-10-03,144.06614400475985
2022-10-04,147.8258497333739
2022-10-05,144.92980510846655
2022-10-06,145.16488324399486
2022-10-07,144.47470207375906
2022-10-08,145.419408439985
2022-10-09,144.6997697224815
2022-10-10,141.9232962689616
2022-10-11,142.10389399843714
2022-10-12,141.4777706563853
2022-10-13,140.9661603064714
2022-10-14,141.62856797586815
2022-10-15,140.15020251984132
2022-10-16,142.7744385849473
2022-10-17,141.83450634017169
2022-10-18,141.3553536402378
2022-10-19,142.0005539952859
2022-10-20,143.8841868387163
2022-10-21,143.207358841211
2022-10-22,145.9914556374363
2022-10-23,143.6017368508331
2022-10-24,144.33897487973027
2022-10-25,146.38666334214017
2022-10-26,148.20906289448334
2022-10-27,150.72138736554774
2022-10-28,148.24030703311504
2022-10-29,150.30920463264073
2022-10-30,150.06091237351336
2022-10-31,152.14693208736043
2022-11-01,153.00457093939804
2022-11-02,150.943304208586
2022-11-03,150.1132103195735
2022-11-04,145.638280872921
2022-11-05,140.13369815898554
2022-11-06,142.4993127735601
2022-11-07,142.35989915024936
2022-11-08,138.98109563220868
2022-11-09,137.7827965653511
2022-11-10,134.3702606936533
2022-11-11,136.37328925129933
2022-11-12,137.60325532941442
2022-11-13,136.68808183357453
2022-11-14,136.76402946381342
2022-11-15,139.00879722790057
2022-11-16,139.88573392994837
2022-11-17,140.41328274352813
2022-11-18,142.82442892023178
2022-11-19,142.72026894567202
2022-11-20,143.39470547250056
2022-11-21,145.56387158075785
2022-11-22,144.54330704198796
2022-11-23,145.09760089891796
2022-11-24,145.74903208333888
2022-11-25,145.1414693112403
2022-11-26,144.4772219854896
2022-11-27,146.9672501953575
2022-11-28,146.8726658776912
2022-11-29,144.26349188760938
2022-11-30,142.89249500687202
2022-12-01,145.34577612729402
2022-12-02,145.51941630396354
2022-12-03,145.13816180807083
2022-12-04,145.13195982820886
2022-12-05,146.168354017223
2022-12-06,145.2440828405448
2022-12-07,143.68721661389074
2022-12-08,142.27541228212053
2022-12-09,141.6086430126171
2022-12-10,141.3114292588482
2022-12-11,142.95507917213365
2022-12-12,140.13689269311587
2022-12-13,142.29260585910083
2022-12-14,143.8661657473846
2022-12-15,141.66847404197023
2022-12-16,138.2901394867349
2022-12-17,137.73990581974897
2022-12-18,140.48802439026537
2022-12-19,138.39924831221188
2022-12-20,135.9540905878251
2022-12-21,137.63340448651755
2022-12-22,137.0557780897104
2022-12-23,134.15300127148666
2022-12-24,133.54402864971286
2022-12-25,133.7662072414198
2022-12-26,135.23903145263375
2022-12-27,133.24897178430538
2022-12-28,133.3453191326146
2022-12-29,131.23962108625489
2022-12-30,133.00744453026877
2022-12-31,130.61238678387846
2023-01-01,131.28131685631826
2023-01-02,133.81071166349932
2023-01-03,130.65179830310709
2023-01-04,128.44091020364485
2023-01-05,129.58270273619175
2023-01-06,127.7233486578717
2023-01-07,129.60532811269536
2023-01-08,128.54515134326337
2023-01-09,126.38547498714223
2023-01-10,129.14839763071214
2023-01-11,131.11034491193791
2023-01-12,134.2316996780047
2023-01-13,132.34891553649885
2023-01-14,134.86934225633962
2023-01-15,131.99955957150732
2023-01-16,130.65969695437775
2023-01-17,132.53907773415523
2023-01-18,134.700492748683
2023-01-19,134.1042019329297
2023-01-20,134.86160950675824
2023-01-21,136.8327278580343
2023-01-22,135.98815649201924
2023-01-23,136.54829046895435
2023-01-24,136.1821887638925
2023-01-25,139.00364761576202
2023-01-26,139.37170525955665
2023-01-27,140.73838998770862
2023-01-28,142.10273180268464
2023-01-29,139.5841501052728
2023-01-30,140.31779909309287
2023-01-31,140.0402123469192
2023-02-01,140.00561313026554
2023-02-02,141.46753084779326
2023-02-03,143.90261858660642
2023-02-04,147.2049495556167
2023-02-05,143.6566076359568
2023-02-06,144.11537415931716
2023-02-07,148.20194936950742
2023-02-08,149.9306731955033
2023-02-09,148.13254152799604
2023-02-10,147.68917042245565
2023-02-11,147.97641602228623
2023-02-12,147.70397523411563
2023-02-13,148.10406275162885
2023-02-14,150.32628581493094
2023-02-15,148.50448488376873
2023-02-16,151.43366807181772
2023-02-17,152.169029611151
2023-02-18,150.88942976834178
2023-02-19,152.47029833226057
2023-02-20,152.5167221087291
2023-02-21,151.29666389068174
2023-02-22,148.29779214933825
2023-02-23,150.7170192470239
2023-02-24,149.46932918374057
2023-02-25,145.7398924366476
2023-02-26,148.3673718213083
2023-02-27,148.56501756556284
2023-02-28,147.9895303118819
2023-03-01,146.20681292815246
2023-03-02,144.88270473383713
2023-03-03,146.41177784043126
2023-03-04,148.12950789345433
2023-03-05,146.94042508847366
2023-03-06,147.23823282648382
2023-03-07,148.97774829068774
2023-03-08,148.1303369151523
2023-03-09,151.29926082546996
2023-03-10,150.95712296043928
2023-03-11,150.97957779720267
2023-03-12,151.17465869119155
2023-03-13,151.6113270187415
2023-03-14,152.60168954730662
2023-03-15,153.5209497709704
2023-03-16,154.1080625278647
2023-03-17,157.1781263296823
2023-03-18,155.98744998059126
2023-03-19,155.11719151319633
2023-03-20,153.90735133276658
2023-03-21,156.26369056664905
2023-03-22,158.6622406620356
2023-03-23,159.98139028744154
2023-03-24,160.25634226408275
2023-03-25,160.85233404052542
2023-03-26,159.67407425014176
2023-03-27,158.77382840660326
2023-03-28,158.56099939490113
2023-03-29,160.1442153093609
2023-03-30,161.46832702279704
2023-03-31,162.32577639760692
2023-04-01,165.78979730641814
2023-04-02,162.83102367633805
2023-04-03,163.34543956181977
2023-04-04,164.59031248921227
2023-04-05,165.82856877598786
2023-04-06,166.47575498702767
2023-04-07,168.07407080064138
2023-04-08,165.03671850987686
2023-04-09,165.70979040522184
2023-04-10,165.85464206813668
2023-04-11,163.3340448150167
2023-04-12,163.79060271012153
2023-04-13,162.95862420968595
2023-04-14,164.92858097723067
2023-04-15,164.25526670815955
2023-04-16,163.82838958937054
2023-04-17,164.42321003313745
2023-04-18,165.20517445825072
2023-04-19,165.71456950351768
2023-04-20,165.70472891999466
2023-04-21,165.31312416351705
2023-04-22,164.96122523690218
2023-04-23,166.26538214912043
2023-04-24,166.33262497063532
2023-04-25,164.4628440638255
2023-04-26,164.5019571627679
2023-04-27,165.29641711457808
2023-04-28,168.52035483244973
2023-04-29,168.11819224178745
2023-04-30,165.7479793892318
2023-05-01,166.6805625301688
2023-05-02,170.24522479989375
2023-05-03,170.14931367066058
2023-05-04,168.53095882882937
2023-05-05,167.6616368928969
2023-05-06,170.6578254143211
2023-05-07,169.4379944772134
2023-05-08,169.6868404148651
2023-05-09,170.78594411169777
2023-05-10,169.98974504682187
2023-05-11,171.97216017652462
2023-05-12,171.1217836965506
2023-05-13,172.2556898273559
2023-05-14,172.3356833363309
2023-05-15,173.55240731585448
2023-05-16,172.87951584042924
2023-05-17,172.343040521691
2023-05-18,173.597581726186
2023-05-19,175.08697968538013
2023-05-20,175.0355530488947
2023-05-21,174.00733059567193
2023-05-22,174.38327466248552
2023-05-23,175.8667021876893
2023-05-24,174.6888866206598
2023-05-25,175.64976610466414
2023-05-26,175.32768372772554
2023-05-27,175.48723186447887
2023-05-28,175.12574496756494
2023-05-29,175.9247969241526
2023-05-30,176.48290659985776
2023-05-31,176.57667113924822
2023-06-01,176.9778574621061
2023-06-02,178.51831906369847
2023-06-03,180.06077761972224
2023-06-04,178.89698901675317
2023-06-05,179.2282071026152
2023-06-06,179.67728373276685
2023-06-07,180.00726132023502
2023-06-08,180.14767629915372
2023-06-09,181.1344668137613
2023-06-10,181.4048340307425
2023-06-11,180.25086525756726
2023-06-12,181.07603122517187
2023-06-13,182.99082659360266
2023-06-14,183.2703846484398
2023-06-15,183.13183733940417
2023-06-16,183.33694687948014
2023-06-17,183.35287907046825
2023-06-18,183.85627771828962
2023-06-19,183.34098280047252
2023-06-20,183.8829918952318
2023-06-21,183.9154002445584
2023-06-22,183.82749931194556
2023-06-23,185.18385035163027
2023-06-24,184.51603689697512
2023-06-25,185.24775656963294
2023-06-26,186.71253959792432
2023-06-27,185.20313315180897
2023-06-28,186.75028962302312
2023-06-29,187.10937056876162
